-- phpMyAdmin SQL Dump
-- version 5.0.2
-- https://www.phpmyadmin.net/
--
-- Host: 127.0.0.1:3306
-- Generation Time: Jun 16, 2021 at 03:36 PM
-- Server version: 5.7.31
-- PHP Version: 7.3.21

SET SQL_MODE = "NO_AUTO_VALUE_ON_ZERO";
START TRANSACTION;
SET time_zone = "+00:00";


/*!40101 SET @OLD_CHARACTER_SET_CLIENT=@@CHARACTER_SET_CLIENT */;
/*!40101 SET @OLD_CHARACTER_SET_RESULTS=@@CHARACTER_SET_RESULTS */;
/*!40101 SET @OLD_COLLATION_CONNECTION=@@COLLATION_CONNECTION */;
/*!40101 SET NAMES utf8mb4 */;

--
-- Database: `ecattor`
--

-- --------------------------------------------------------

--
-- Table structure for table `academic_syllabus`
--

DROP TABLE IF EXISTS `academic_syllabus`;
CREATE TABLE IF NOT EXISTS `academic_syllabus` (
  `academic_syllabus_id` int(11) NOT NULL AUTO_INCREMENT,
  `academic_syllabus_code` longtext COLLATE utf8_unicode_ci,
  `title` longtext COLLATE utf8_unicode_ci,
  `description` longtext COLLATE utf8_unicode_ci,
  `class_id` int(11) DEFAULT NULL,
  `uploader_type` longtext COLLATE utf8_unicode_ci,
  `uploader_id` int(11) DEFAULT NULL,
  `year` longtext COLLATE utf8_unicode_ci,
  `timestamp` longtext COLLATE utf8_unicode_ci,
  `file_name` longtext COLLATE utf8_unicode_ci,
  `subject_id` int(11) DEFAULT NULL,
  PRIMARY KEY (`academic_syllabus_id`)
) ENGINE=InnoDB DEFAULT CHARSET=utf8 COLLATE=utf8_unicode_ci;

-- --------------------------------------------------------

--
-- Table structure for table `accountant`
--

DROP TABLE IF EXISTS `accountant`;
CREATE TABLE IF NOT EXISTS `accountant` (
  `accountant_id` int(11) NOT NULL AUTO_INCREMENT,
  `name` longtext COLLATE utf8_unicode_ci,
  `email` longtext COLLATE utf8_unicode_ci,
  `password` longtext COLLATE utf8_unicode_ci,
  PRIMARY KEY (`accountant_id`)
) ENGINE=InnoDB AUTO_INCREMENT=2 DEFAULT CHARSET=utf8 COLLATE=utf8_unicode_ci;

--
-- Dumping data for table `accountant`
--

INSERT INTO `accountant` (`accountant_id`, `name`, `email`, `password`) VALUES
(1, 'viru', 'viru@gmail.com', '7b74ff48a5024896803bde66f80b48cdffb1db1a');

-- --------------------------------------------------------

--
-- Table structure for table `admin`
--

DROP TABLE IF EXISTS `admin`;
CREATE TABLE IF NOT EXISTS `admin` (
  `admin_id` int(11) NOT NULL AUTO_INCREMENT,
  `name` longtext COLLATE utf8_unicode_ci,
  `email` longtext COLLATE utf8_unicode_ci,
  `password` longtext COLLATE utf8_unicode_ci,
  `level` longtext COLLATE utf8_unicode_ci,
  `authentication_key` longtext COLLATE utf8_unicode_ci,
  `phone` longtext COLLATE utf8_unicode_ci,
  `address` longtext COLLATE utf8_unicode_ci,
  PRIMARY KEY (`admin_id`)
) ENGINE=InnoDB AUTO_INCREMENT=2 DEFAULT CHARSET=utf8 COLLATE=utf8_unicode_ci;

--
-- Dumping data for table `admin`
--

INSERT INTO `admin` (`admin_id`, `name`, `email`, `password`, `level`, `authentication_key`, `phone`, `address`) VALUES
(1, 'demo', 'demo@gmail.com', '869adcc8d5e5925a67b1347a7d530ed85764ece9', NULL, NULL, NULL, NULL);

-- --------------------------------------------------------

--
-- Table structure for table `attendance`
--

DROP TABLE IF EXISTS `attendance`;
CREATE TABLE IF NOT EXISTS `attendance` (
  `attendance_id` int(11) NOT NULL AUTO_INCREMENT,
  `timestamp` longtext COLLATE utf8_unicode_ci,
  `year` longtext COLLATE utf8_unicode_ci,
  `class_id` int(11) DEFAULT NULL,
  `section_id` int(11) DEFAULT NULL,
  `student_id` int(11) DEFAULT NULL,
  `class_routine_id` int(11) DEFAULT NULL,
  `status` int(11) DEFAULT NULL,
  PRIMARY KEY (`attendance_id`)
) ENGINE=InnoDB DEFAULT CHARSET=utf8 COLLATE=utf8_unicode_ci;

-- --------------------------------------------------------

--
-- Table structure for table `book`
--

DROP TABLE IF EXISTS `book`;
CREATE TABLE IF NOT EXISTS `book` (
  `book_id` int(11) NOT NULL AUTO_INCREMENT,
  `name` longtext COLLATE utf8_unicode_ci,
  `description` longtext COLLATE utf8_unicode_ci,
  `author` longtext COLLATE utf8_unicode_ci,
  `class_id` longtext COLLATE utf8_unicode_ci,
  `price` longtext COLLATE utf8_unicode_ci,
  `total_copies` int(11) DEFAULT NULL,
  `issued_copies` int(11) DEFAULT NULL,
  `status` longtext COLLATE utf8_unicode_ci,
  `file_name` longtext COLLATE utf8_unicode_ci,
  PRIMARY KEY (`book_id`)
) ENGINE=InnoDB AUTO_INCREMENT=2 DEFAULT CHARSET=utf8 COLLATE=utf8_unicode_ci;

--
-- Dumping data for table `book`
--

INSERT INTO `book` (`book_id`, `name`, `description`, `author`, `class_id`, `price`, `total_copies`, `issued_copies`, `status`, `file_name`) VALUES
(1, 'Dark', 'ghfvhjgkyhjgjhygkg', 'Yashvi', '1', '6575', NULL, NULL, NULL, 'tmp_new-file.pdf');

-- --------------------------------------------------------

--
-- Table structure for table `book_request`
--

DROP TABLE IF EXISTS `book_request`;
CREATE TABLE IF NOT EXISTS `book_request` (
  `book_request_id` int(11) NOT NULL AUTO_INCREMENT,
  `book_id` int(11) DEFAULT NULL,
  `student_id` int(11) DEFAULT NULL,
  `issue_start_date` longtext COLLATE utf8_unicode_ci,
  `issue_end_date` longtext COLLATE utf8_unicode_ci,
  `status` int(11) DEFAULT NULL,
  PRIMARY KEY (`book_request_id`)
) ENGINE=InnoDB DEFAULT CHARSET=utf8 COLLATE=utf8_unicode_ci;

-- --------------------------------------------------------

--
-- Table structure for table `ci_sessions`
--

DROP TABLE IF EXISTS `ci_sessions`;
CREATE TABLE IF NOT EXISTS `ci_sessions` (
  `id` varchar(40) COLLATE utf8_unicode_ci NOT NULL,
  `ip_address` varchar(45) COLLATE utf8_unicode_ci NOT NULL,
  `timestamp` int(10) UNSIGNED NOT NULL DEFAULT '0',
  `data` blob NOT NULL,
  PRIMARY KEY (`id`),
  KEY `ci_sessions_timestamp` (`timestamp`)
) ENGINE=InnoDB DEFAULT CHARSET=utf8 COLLATE=utf8_unicode_ci;

--
-- Dumping data for table `ci_sessions`
--

INSERT INTO `ci_sessions` (`id`, `ip_address`, `timestamp`, `data`) VALUES
('00cfbenh34mnmo8l5t31ra3fdpiaurf3', '::1', 1623671778, 0x5f5f63695f6c6173745f726567656e65726174657c693a313632333637313737323b656d61696c7c733a32333a2267757074612e7961736832313140676d61696c2e636f6d223b736e616d657c733a32333a2267757074612e7961736832313140676d61696c2e636f6d223b636e616d657c733a393a2244657369676e696e67223b),
('0326pslk370dd2kkrvc3h7hom0oj52bg', '::1', 1623179450, 0x5f5f63695f6c6173745f726567656e65726174657c693a313632333137393435303b656d61696c7c733a32333a2267757074612e7961736832313140676d61696c2e636f6d223b736e616d657c733a32333a2267757074612e7961736832313140676d61696c2e636f6d223b),
('03abcbva6dq99ekv6br4foqloh1vck6t', '::1', 1623737688, 0x5f5f63695f6c6173745f726567656e65726174657c693a313632333733373636393b656d61696c7c733a32333a2267757074612e7961736832313140676d61696c2e636f6d223b736e616d657c733a32333a2267757074612e7961736832313140676d61696c2e636f6d223b),
('06r8eh56fd68j91m803e407vrs5otups', '::1', 1623181480, 0x5f5f63695f6c6173745f726567656e65726174657c693a313632333138313139393b656d61696c7c733a32333a2267757074612e7961736832313140676d61696c2e636f6d223b736e616d657c733a32333a2267757074612e7961736832313140676d61696c2e636f6d223b),
('09m9h63ejho5p4j1ipvj4c9mrl091k9c', '::1', 1623318411, 0x5f5f63695f6c6173745f726567656e65726174657c693a313632333331383431313b656d61696c7c733a32333a2267757074612e7961736832313140676d61696c2e636f6d223b736e616d657c733a32333a2267757074612e7961736832313140676d61696c2e636f6d223b),
('0b41b9eb1dtcvrh1ldsjtnjsjp7i0l1s', '::1', 1623705693, 0x5f5f63695f6c6173745f726567656e65726174657c693a313632333730353639333b656d61696c7c733a32333a2267757074612e7961736832313140676d61696c2e636f6d223b736e616d657c733a32333a2267757074612e7961736832313140676d61696c2e636f6d223b636e616d657c4e3b),
('0b489papt95n5fmjeb5qlu7fl1utmcrm', '::1', 1623316994, 0x5f5f63695f6c6173745f726567656e65726174657c693a313632333331363939343b656d61696c7c733a32333a2267757074612e7961736832313140676d61696c2e636f6d223b736e616d657c733a32333a2267757074612e7961736832313140676d61696c2e636f6d223b),
('0sa9nmp6d2o419mqo1nii9v8sob43l19', '::1', 1623698448, 0x5f5f63695f6c6173745f726567656e65726174657c693a313632333639383434383b656d61696c7c733a32333a2267757074612e7961736832313140676d61696c2e636f6d223b69735f6c6f67696e7c733a32333a2267757074612e7961736832313140676d61696c2e636f6d223b),
('0srebub26hdv4ou30s28u3nm0lcadkmf', '::1', 1623705995, 0x5f5f63695f6c6173745f726567656e65726174657c693a313632333730353939353b656d61696c7c733a32333a2267757074612e7961736832313140676d61696c2e636f6d223b736e616d657c733a32333a2267757074612e7961736832313140676d61696c2e636f6d223b636e616d657c4e3b),
('10lh8mrvir0sghbp9m1jsjdkjmin3jdv', '::1', 1623324969, 0x5f5f63695f6c6173745f726567656e65726174657c693a313632333332343936393b656d61696c7c733a32333a2267757074612e7961736832313140676d61696c2e636f6d223b736e616d657c733a32333a2267757074612e7961736832313140676d61696c2e636f6d223b),
('11or3e3n7q51ac8rs66plile2ppus0rg', '::1', 1623693135, 0x5f5f63695f6c6173745f726567656e65726174657c693a313632333639333133353b656d61696c7c733a32333a2267757074612e7961736832313140676d61696c2e636f6d223b69735f6c6f67696e7c733a32333a2267757074612e7961736832313140676d61696c2e636f6d223b),
('12g3b2qli9uunrdb4k3l5km2n88diume', '::1', 1623525098, 0x5f5f63695f6c6173745f726567656e65726174657c693a313632333532353039383b),
('1b45ds4hvjklh6qi86u8o59clt4duva8', '::1', 1623697963, 0x5f5f63695f6c6173745f726567656e65726174657c693a313632333639373936333b656d61696c7c733a32333a2267757074612e7961736832313140676d61696c2e636f6d223b69735f6c6f67696e7c733a32333a2267757074612e7961736832313140676d61696c2e636f6d223b),
('1p5jskli9q8albj4jvvc84i59quiaqrb', '::1', 1623528310, 0x5f5f63695f6c6173745f726567656e65726174657c693a313632333532383331303b),
('1uvehshcja0gqtb1q3bd96p0uou7018s', '::1', 1623336348, 0x5f5f63695f6c6173745f726567656e65726174657c693a313632333333363334383b656d61696c7c733a32333a2267757074612e7961736832313140676d61696c2e636f6d223b736e616d657c733a32333a2267757074612e7961736832313140676d61696c2e636f6d223b656d61696c73656e747c733a32333a22456d61696c2053656e74205375636365737366756c6c79223b5f5f63695f766172737c613a313a7b733a393a22656d61696c73656e74223b733a333a226e6577223b7d),
('220euin9jqmgv7npl9fhcd0h1kea52t3', '::1', 1623245732, 0x5f5f63695f6c6173745f726567656e65726174657c693a313632333234353733323b656d61696c7c733a32333a2267757074612e7961736832313140676d61696c2e636f6d223b736e616d657c733a32333a2267757074612e7961736832313140676d61696c2e636f6d223b),
('22eokr6mbr4p36jg2u5m0sjg5rn59t07', '::1', 1623329628, 0x5f5f63695f6c6173745f726567656e65726174657c693a313632333332393632383b656d61696c7c733a32333a2267757074612e7961736832313140676d61696c2e636f6d223b736e616d657c733a32333a2267757074612e7961736832313140676d61696c2e636f6d223b636e616d657c733a31353a2277656220646576656c6f706d656e74223b),
('24m4b62apd8ej7r2taq1f4bv26bfn5ac', '::1', 1623236529, 0x5f5f63695f6c6173745f726567656e65726174657c693a313632333233363532393b656d61696c7c733a32333a2267757074612e7961736832313140676d61696c2e636f6d223b736e616d657c733a32333a2267757074612e7961736832313140676d61696c2e636f6d223b),
('27jbhvd3pc2ku9qbu8mftu4s3flimd24', '::1', 1623170939, 0x5f5f63695f6c6173745f726567656e65726174657c693a313632333137303933393b656d61696c7c733a32333a2267757074612e7961736832313140676d61696c2e636f6d223b636c6173735f636f64657c4e3b),
('28nmicigqagj79tjgnf2qssgjsn5s7gb', '::1', 1623410166, 0x5f5f63695f6c6173745f726567656e65726174657c693a313632333431303136363b656d61696c7c733a32333a2267757074612e7961736832313140676d61696c2e636f6d223b736e616d657c733a32333a2267757074612e7961736832313140676d61696c2e636f6d223b),
('2dlfe433d7p6b5c4782gsprmjpn78slm', '::1', 1623350218, 0x5f5f63695f6c6173745f726567656e65726174657c693a313632333335303231383b656d61696c7c733a32333a2267757074612e7961736832313140676d61696c2e636f6d223b69735f6c6f67696e7c733a32333a2267757074612e7961736832313140676d61696c2e636f6d223b),
('2ga39ih8mcgcd2lu6bgi9app5t854vum', '::1', 1623246598, 0x5f5f63695f6c6173745f726567656e65726174657c693a313632333234363539383b656d61696c7c733a32333a2267757074612e7961736832313140676d61696c2e636f6d223b736e616d657c733a32333a2267757074612e7961736832313140676d61696c2e636f6d223b),
('2j8ovbu8atr11i56gniqhdrsuen30quj', '::1', 1623696388, 0x5f5f63695f6c6173745f726567656e65726174657c693a313632333639363338383b656d61696c7c733a32333a2267757074612e7961736832313140676d61696c2e636f6d223b69735f6c6f67696e7c733a32333a2267757074612e7961736832313140676d61696c2e636f6d223b666c6173685f6d6573736167657c733a32333a2244617461204164646564205375636365737366756c6c79223b5f5f63695f766172737c613a313a7b733a31333a22666c6173685f6d657373616765223b733a333a226e6577223b7d),
('2t3330r9gdp03u4mto7c551d78upoms9', '::1', 1623430576, 0x5f5f63695f6c6173745f726567656e65726174657c693a313632333433303537363b6e616d657c733a363a22436861697475223b6c6f67696e5f6572726f727c733a32383a22496e76616c696420456d61696c204964204f722050617373776f7264223b5f5f63695f766172737c613a313a7b733a31313a226c6f67696e5f6572726f72223b733a333a226f6c64223b7d),
('35v9k1v8rq689vmv48eq25s3478adb3j', '::1', 1623604315, 0x5f5f63695f6c6173745f726567656e65726174657c693a313632333630343331353b),
('3h0m4jp7m11geradn0i78e7nppftm0i0', '::1', 1623235360, 0x5f5f63695f6c6173745f726567656e65726174657c693a313632333233353336303b656d61696c7c733a32333a2267757074612e7961736832313140676d61696c2e636f6d223b736e616d657c733a32333a2267757074612e7961736832313140676d61696c2e636f6d223b),
('3ii9b6981nhprdft75555j60tg7kaf9u', '::1', 1623353444, 0x5f5f63695f6c6173745f726567656e65726174657c693a313632333335333434343b656d61696c7c733a32333a2267757074612e7961736832313140676d61696c2e636f6d223b69735f6c6f67696e7c733a32333a2267757074612e7961736832313140676d61696c2e636f6d223b),
('3ljtq6rkp2mskn0blohlfieklgac7uk3', '::1', 1623246910, 0x5f5f63695f6c6173745f726567656e65726174657c693a313632333234363931303b656d61696c7c733a32333a2267757074612e7961736832313140676d61696c2e636f6d223b736e616d657c733a32333a2267757074612e7961736832313140676d61696c2e636f6d223b),
('3mbb9udinh05ifirbif35fi5m5hnh5c2', '::1', 1623317667, 0x5f5f63695f6c6173745f726567656e65726174657c693a313632333331373636373b656d61696c7c733a32333a2267757074612e7961736832313140676d61696c2e636f6d223b736e616d657c733a32333a2267757074612e7961736832313140676d61696c2e636f6d223b),
('3n46fq1vqjtkc41b888ibu69t3p5q6om', '::1', 1623671098, 0x5f5f63695f6c6173745f726567656e65726174657c693a313632333637313039383b656d61696c7c733a32333a2267757074612e7961736832313140676d61696c2e636f6d223b736e616d657c733a32333a2267757074612e7961736832313140676d61696c2e636f6d223b),
('3seqp18kc48rnsd1hem938u57fu3rbfd', '::1', 1623697528, 0x5f5f63695f6c6173745f726567656e65726174657c693a313632333639373532383b656d61696c7c733a32333a2267757074612e7961736832313140676d61696c2e636f6d223b69735f6c6f67696e7c733a32333a2267757074612e7961736832313140676d61696c2e636f6d223b),
('3t8vsjehdgq1m9r48uflgk0rfdqqfahq', '::1', 1623353503, 0x5f5f63695f6c6173745f726567656e65726174657c693a313632333335333434343b656d61696c7c733a32333a2267757074612e7961736832313140676d61696c2e636f6d223b69735f6c6f67696e7c733a32333a2267757074612e7961736832313140676d61696c2e636f6d223b),
('4auqs6ro3531s156er72eof9127d1qdm', '::1', 1623699172, 0x5f5f63695f6c6173745f726567656e65726174657c693a313632333639393137323b656d61696c7c733a32333a2267757074612e7961736832313140676d61696c2e636f6d223b69735f6c6f67696e7c733a32333a2267757074612e7961736832313140676d61696c2e636f6d223b666c6173685f6d6573736167657c733a32333a2244617461204164646564205375636365737366756c6c79223b5f5f63695f766172737c613a313a7b733a31333a22666c6173685f6d657373616765223b733a333a226e6577223b7d),
('4b3kq9fn355pc82m3e06d1b77nk4u70d', '::1', 1623403907, 0x5f5f63695f6c6173745f726567656e65726174657c693a313632333430333930373b656d61696c7c733a32333a2267757074612e7961736832313140676d61696c2e636f6d223b736e616d657c733a32333a2267757074612e7961736832313140676d61696c2e636f6d223b636e616d657c733a31353a22636f6d707574657220766973696f6e223b),
('4hulr776n4he3n4u0oo8obvm5jasd4md', '::1', 1623315619, 0x5f5f63695f6c6173745f726567656e65726174657c693a313632333331353631393b656d61696c7c733a32333a2267757074612e7961736832313140676d61696c2e636f6d223b736e616d657c733a32333a2267757074612e7961736832313140676d61696c2e636f6d223b),
('4iegbi28dosm6ar8aen1bqknda7v5vi9', '::1', 1623246250, 0x5f5f63695f6c6173745f726567656e65726174657c693a313632333234363235303b656d61696c7c733a32333a2267757074612e7961736832313140676d61696c2e636f6d223b736e616d657c733a32333a2267757074612e7961736832313140676d61696c2e636f6d223b),
('4n2d1j419gnn6l8o939neg7t8pjfn72q', '::1', 1623531516, 0x5f5f63695f6c6173745f726567656e65726174657c693a313632333533313531363b),
('4nqgibtrpflchelg2gnb5p9icac1pl16', '::1', 1623230408, 0x5f5f63695f6c6173745f726567656e65726174657c693a313632333233303430383b656d61696c7c733a32333a2267757074612e7961736832313140676d61696c2e636f6d223b736e616d657c733a32333a2267757074612e7961736832313140676d61696c2e636f6d223b636e616d657c733a31363a224d616368696e65206c6561726e696e67223b),
('4nr1mobsbban2lk7h859kgqet3h8qfpt', '::1', 1623526215, 0x5f5f63695f6c6173745f726567656e65726174657c693a313632333532363231353b),
('578djdvujsfo2p6f3uhp432lll6uanee', '::1', 1623349698, 0x5f5f63695f6c6173745f726567656e65726174657c693a313632333334393639383b656d61696c7c733a32333a2267757074612e7961736832313140676d61696c2e636f6d223b69735f6c6f67696e7c733a32333a2267757074612e7961736832313140676d61696c2e636f6d223b),
('5be61jn29jt8ugjrh8ofcp2flemkhddt', '::1', 1623523496, 0x5f5f63695f6c6173745f726567656e65726174657c693a313632333532333439363b),
('5nq50o4spltdsvjndof0gnlgbf57qfmq', '::1', 1623418547, 0x5f5f63695f6c6173745f726567656e65726174657c693a313632333431383534373b656d61696c7c733a32333a2267757074612e7961736832313140676d61696c2e636f6d223b69735f6c6f67696e7c733a32333a2267757074612e7961736832313140676d61696c2e636f6d223b),
('5sks5gioqtmm3il7r9qh8lsdpqba191f', '::1', 1623168682, 0x5f5f63695f6c6173745f726567656e65726174657c693a313632333136383638323b656d61696c7c733a32333a2267757074612e7961736832313140676d61696c2e636f6d223b636c6173735f636f64657c4e3b),
('62n412264pl763pudo31vcrhb8l185dv', '::1', 1623247710, 0x5f5f63695f6c6173745f726567656e65726174657c693a313632333234373731303b656d61696c7c733a32333a2267757074612e7961736832313140676d61696c2e636f6d223b69735f6c6f67696e7c733a32333a2267757074612e7961736832313140676d61696c2e636f6d223b),
('645emm72egog53t1jjb3nk065sq6ok24', '::1', 1623696689, 0x5f5f63695f6c6173745f726567656e65726174657c693a313632333639363638393b656d61696c7c733a32333a2267757074612e7961736832313140676d61696c2e636f6d223b69735f6c6f67696e7c733a32333a2267757074612e7961736832313140676d61696c2e636f6d223b666c6173685f6d6573736167657c733a32333a2244617461204164646564205375636365737366756c6c79223b5f5f63695f766172737c613a313a7b733a31333a22666c6173685f6d657373616765223b733a333a226e6577223b7d),
('66nplo4npruacdpbopcb9bs1s3trrqtb', '::1', 1623326964, 0x5f5f63695f6c6173745f726567656e65726174657c693a313632333332363936343b656d61696c7c733a32333a2267757074612e7961736832313140676d61696c2e636f6d223b736e616d657c733a32333a2267757074612e7961736832313140676d61696c2e636f6d223b),
('6lmt200e2teu6adlcf174qv93vkq7pnb', '::1', 1623424868, 0x5f5f63695f6c6173745f726567656e65726174657c693a313632333432343836383b656d61696c7c733a32333a2267757074612e7961736832313140676d61696c2e636f6d223b69735f6c6f67696e7c733a32333a2267757074612e7961736832313140676d61696c2e636f6d223b61646d696e5f6c6f67696e7c733a313a2231223b61646d696e5f69647c733a313a2231223b6c6f67696e5f757365725f69647c733a313a2231223b6e616d657c733a343a2259617368223b6c6f67696e5f747970657c733a353a2261646d696e223b666c6173685f6d6573736167657c733a32333a2244617461204164646564205375636365737366756c6c79223b5f5f63695f766172737c613a313a7b733a31333a22666c6173685f6d657373616765223b733a333a226f6c64223b7d),
('6lseh51d32lcbeq29ono33p07qf3f2pj', '::1', 1623324596, 0x5f5f63695f6c6173745f726567656e65726174657c693a313632333332343539363b656d61696c7c733a32333a2267757074612e7961736832313140676d61696c2e636f6d223b736e616d657c733a32333a2267757074612e7961736832313140676d61696c2e636f6d223b),
('6qi6tlehc1ss67rb2t062vhdksr8n5dd', '::1', 1623335935, 0x5f5f63695f6c6173745f726567656e65726174657c693a313632333333353933353b),
('6r6u8g9nh7d50c6rhl9d528th2ejkskc', '::1', 1623696047, 0x5f5f63695f6c6173745f726567656e65726174657c693a313632333639363034373b656d61696c7c733a32333a2267757074612e7961736832313140676d61696c2e636f6d223b69735f6c6f67696e7c733a32333a2267757074612e7961736832313140676d61696c2e636f6d223b666c6173685f6d6573736167657c733a32333a2244617461204164646564205375636365737366756c6c79223b5f5f63695f766172737c613a313a7b733a31333a22666c6173685f6d657373616765223b733a333a226e6577223b7d),
('6rvkml1eeos4l61acoin7bohescvqh9s', '::1', 1623692059, 0x5f5f63695f6c6173745f726567656e65726174657c693a313632333639323035393b656d61696c7c733a32333a2267757074612e7961736832313140676d61696c2e636f6d223b69735f6c6f67696e7c733a32333a2267757074612e7961736832313140676d61696c2e636f6d223b),
('733pkau811qb0rit3irg31pa40klr7b2', '::1', 1623326653, 0x5f5f63695f6c6173745f726567656e65726174657c693a313632333332363635333b656d61696c7c733a32333a2267757074612e7961736832313140676d61696c2e636f6d223b736e616d657c733a32333a2267757074612e7961736832313140676d61696c2e636f6d223b),
('74qf38akb0epsub13rmfiekmdj3rplng', '::1', 1623237287, 0x5f5f63695f6c6173745f726567656e65726174657c693a313632333233373238373b656d61696c7c733a32333a2267757074612e7961736832313140676d61696c2e636f6d223b736e616d657c733a32333a2267757074612e7961736832313140676d61696c2e636f6d223b),
('7bo9ntlm7aiu1udreiepsv8ht3al5sav', '::1', 1623700957, 0x5f5f63695f6c6173745f726567656e65726174657c693a313632333730303935373b656d61696c7c733a32333a2267757074612e7961736832313140676d61696c2e636f6d223b736e616d657c733a32333a2267757074612e7961736832313140676d61696c2e636f6d223b636e616d657c4e3b),
('7psjlumnnmovmusrpb6o2un6al9ql6o9', '::1', 1623177143, 0x5f5f63695f6c6173745f726567656e65726174657c693a313632333137373134333b656d61696c7c733a32333a2267757074612e7961736832313140676d61696c2e636f6d223b636c6173735f636f64657c4e3b736e616d657c733a32333a2267757074612e7961736832313140676d61696c2e636f6d223b6e616d657c733a343a2259617368223b),
('7viprvnljiumcdm1gsl8j8k98700ikrd', '::1', 1623432100, 0x5f5f63695f6c6173745f726567656e65726174657c693a313632333433323130303b656d61696c7c733a32333a2267757074612e7961736832313140676d61696c2e636f6d223b69735f6c6f67696e7c733a32333a2267757074612e7961736832313140676d61696c2e636f6d223b),
('81qjbu9qls92cg1i03mgfu4doop8gl7u', '::1', 1623706542, 0x5f5f63695f6c6173745f726567656e65726174657c693a313632333730363534323b656d61696c7c733a32333a2267757074612e7961736832313140676d61696c2e636f6d223b736e616d657c733a32333a2267757074612e7961736832313140676d61696c2e636f6d223b636e616d657c4e3b),
('88ujff992lj594mpjqt9i9i4brkdd4u0', '::1', 1623705386, 0x5f5f63695f6c6173745f726567656e65726174657c693a313632333730353338363b656d61696c7c733a32333a2267757074612e7961736832313140676d61696c2e636f6d223b736e616d657c733a32333a2267757074612e7961736832313140676d61696c2e636f6d223b636e616d657c4e3b),
('8900hep3m1raqgi133f34rdqno0j3b0u', '::1', 1623348866, 0x5f5f63695f6c6173745f726567656e65726174657c693a313632333334383836363b656d61696c7c733a32333a2267757074612e7961736832313140676d61696c2e636f6d223b69735f6c6f67696e7c733a32333a2267757074612e7961736832313140676d61696c2e636f6d223b),
('8921im8k0ladehe59r2q13sgior3j2n5', '::1', 1623338398, 0x5f5f63695f6c6173745f726567656e65726174657c693a313632333333383339383b656d61696c7c733a32333a2267757074612e7961736832313140676d61696c2e636f6d223b736e616d657c733a32333a2267757074612e7961736832313140676d61696c2e636f6d223b636e616d657c733a31353a22636f6d707574657220766973696f6e223b),
('8a3jbtrirn4spre65sot7mbj1d0hsp6k', '::1', 1623336694, 0x5f5f63695f6c6173745f726567656e65726174657c693a313632333333363639343b656d61696c7c733a32333a2267757074612e7961736832313140676d61696c2e636f6d223b736e616d657c733a32333a2267757074612e7961736832313140676d61696c2e636f6d223b),
('8hrpnj9c400fq57cd0ova6btelvq3535', '::1', 1623166834, 0x5f5f63695f6c6173745f726567656e65726174657c693a313632333136363833343b656d61696c7c733a32333a2267757074612e7961736832313140676d61696c2e636f6d223b636c6173735f636f64657c4e3b),
('8igg7c2tl6offn6eqno6n5ejttpnbb85', '::1', 1623248854, 0x5f5f63695f6c6173745f726567656e65726174657c693a313632333234383835343b656d61696c7c733a32333a2267757074612e7961736832313140676d61696c2e636f6d223b69735f6c6f67696e7c733a32333a2267757074612e7961736832313140676d61696c2e636f6d223b),
('8j7beih18nts2k93eeinbngd67pg5fbk', '::1', 1623339730, 0x5f5f63695f6c6173745f726567656e65726174657c693a313632333333393538353b656d61696c7c733a32333a2267757074612e7961736832313140676d61696c2e636f6d223b69735f6c6f67696e7c733a32333a2267757074612e7961736832313140676d61696c2e636f6d223b),
('8kc9g3o1fdlitj0lj6f9qdapoittbaos', '::1', 1623601588, 0x5f5f63695f6c6173745f726567656e65726174657c693a313632333630313538383b),
('8qvm2jdq5pspclioprn3u0cc8d2s7ihu', '::1', 1623601023, 0x5f5f63695f6c6173745f726567656e65726174657c693a313632333630313032333b),
('8svfsrmnf95rc79641jul3sqs9i56job', '::1', 1623316605, 0x5f5f63695f6c6173745f726567656e65726174657c693a313632333331363630353b656d61696c7c733a32333a2267757074612e7961736832313140676d61696c2e636f6d223b736e616d657c733a32333a2267757074612e7961736832313140676d61696c2e636f6d223b),
('8v9i3460qpvdfeoh9pas7dp5lt7fapo1', '::1', 1623416574, 0x5f5f63695f6c6173745f726567656e65726174657c693a313632333431363537343b656d61696c7c733a32333a2267757074612e7961736832313140676d61696c2e636f6d223b736e616d657c733a32333a2267757074612e7961736832313140676d61696c2e636f6d223b),
('90v9hgc0v1hmh2nt45arpafmjh1bsk3c', '::1', 1623423906, 0x5f5f63695f6c6173745f726567656e65726174657c693a313632333432333930363b656d61696c7c733a32333a2267757074612e7961736832313140676d61696c2e636f6d223b69735f6c6f67696e7c733a32333a2267757074612e7961736832313140676d61696c2e636f6d223b),
('97gl2r6oa9okjqm2p6c4dl2mh78f11vc', '::1', 1623402870, 0x5f5f63695f6c6173745f726567656e65726174657c693a313632333430323837303b656d61696c7c733a32333a2267757074612e7961736832313140676d61696c2e636f6d223b736e616d657c733a32333a2267757074612e7961736832313140676d61696c2e636f6d223b),
('97qom1chqt195goh8hhb0ccapefu3fai', '::1', 1623180416, 0x5f5f63695f6c6173745f726567656e65726174657c693a313632333138303431363b656d61696c7c733a32333a2267757074612e7961736832313140676d61696c2e636f6d223b736e616d657c733a32333a2267757074612e7961736832313140676d61696c2e636f6d223b),
('9bq602i796lfmo7lkks1uqjgn37fl70r', '::1', 1623174359, 0x5f5f63695f6c6173745f726567656e65726174657c693a313632333137343335393b656d61696c7c733a32333a2267757074612e7961736832313140676d61696c2e636f6d223b636c6173735f636f64657c4e3b736e616d657c733a32333a2267757074612e7961736832313140676d61696c2e636f6d223b),
('9ebk7084ivc3c0jjpu38n7o9fgu4tf37', '::1', 1623320726, 0x5f5f63695f6c6173745f726567656e65726174657c693a313632333332303732363b656d61696c7c733a32333a2267757074612e7961736832313140676d61696c2e636f6d223b736e616d657c733a32333a2267757074612e7961736832313140676d61696c2e636f6d223b),
('9jjjqfgpkhmgalrtb0obie0uh6ouuga0', '::1', 1623411210, 0x5f5f63695f6c6173745f726567656e65726174657c693a313632333431313231303b656d61696c7c733a32333a2267757074612e7961736832313140676d61696c2e636f6d223b736e616d657c733a32333a2267757074612e7961736832313140676d61696c2e636f6d223b),
('9k6q5u25o5nrvm1sk9va2v6cd82pvg4p', '::1', 1623350927, 0x5f5f63695f6c6173745f726567656e65726174657c693a313632333335303932373b656d61696c7c733a32333a2267757074612e7961736832313140676d61696c2e636f6d223b69735f6c6f67696e7c733a32333a2267757074612e7961736832313140676d61696c2e636f6d223b),
('9mogrut19jotsa7okj7th2mksdg9ooa4', '::1', 1623693865, 0x5f5f63695f6c6173745f726567656e65726174657c693a313632333639333836353b656d61696c7c733a32333a2267757074612e7961736832313140676d61696c2e636f6d223b69735f6c6f67696e7c733a32333a2267757074612e7961736832313140676d61696c2e636f6d223b),
('9okp3pp35ej4mnn0acmci508pg6pap5n', '::1', 1623532145, 0x5f5f63695f6c6173745f726567656e65726174657c693a313632333533323134353b),
('a0ejubnmbfo7g431fj1m5iirf1955ier', '::1', 1623235692, 0x5f5f63695f6c6173745f726567656e65726174657c693a313632333233353639323b656d61696c7c733a32333a2267757074612e7961736832313140676d61696c2e636f6d223b736e616d657c733a32333a2267757074612e7961736832313140676d61696c2e636f6d223b),
('a827vv82jk8vh13igce01oligj5rmra8', '::1', 1623426715, 0x5f5f63695f6c6173745f726567656e65726174657c693a313632333432363731353b656d61696c7c733a32333a2267757074612e7961736832313140676d61696c2e636f6d223b69735f6c6f67696e7c733a32333a2267757074612e7961736832313140676d61696c2e636f6d223b),
('abcjrblsq3c7us1clgjtu8qmdm7hhs5g', '::1', 1623231969, 0x5f5f63695f6c6173745f726567656e65726174657c693a313632333233313936393b656d61696c7c733a32333a2267757074612e7961736832313140676d61696c2e636f6d223b736e616d657c733a32333a2267757074612e7961736832313140676d61696c2e636f6d223b636e616d657c733a31353a2277656220646576656c6f706d656e74223b),
('b0p11laoruthv955ocuebvs8732tdtlc', '::1', 1623249818, 0x5f5f63695f6c6173745f726567656e65726174657c693a313632333234393831383b656d61696c7c733a32333a2267757074612e7961736832313140676d61696c2e636f6d223b69735f6c6f67696e7c733a32333a2267757074612e7961736832313140676d61696c2e636f6d223b),
('b1eqp0s3umrp27nv4egr4601erdog5hd', '::1', 1623749500, 0x5f5f63695f6c6173745f726567656e65726174657c693a313632333734393437303b656d61696c7c733a32333a2267757074612e7961736832313140676d61696c2e636f6d223b736e616d657c733a32333a2267757074612e7961736832313140676d61696c2e636f6d223b),
('b31hrnpbrs6j6pmdmtt7hk2h8tmpi1ha', '::1', 1623230048, 0x5f5f63695f6c6173745f726567656e65726174657c693a313632333233303034383b656d61696c7c733a32333a2267757074612e7961736832313140676d61696c2e636f6d223b736e616d657c733a32333a2267757074612e7961736832313140676d61696c2e636f6d223b),
('bd26mmjvb9dr741d2rgpq9fkk6si2nqn', '::1', 1623426047, 0x5f5f63695f6c6173745f726567656e65726174657c693a313632333432363034373b656d61696c7c733a32333a2267757074612e7961736832313140676d61696c2e636f6d223b69735f6c6f67696e7c733a32333a2267757074612e7961736832313140676d61696c2e636f6d223b),
('bjtlhflocq3mupug2l4lb029thn8brl4', '::1', 1623352639, 0x5f5f63695f6c6173745f726567656e65726174657c693a313632333335323633393b656d61696c7c733a32333a2267757074612e7961736832313140676d61696c2e636f6d223b69735f6c6f67696e7c733a32333a2267757074612e7961736832313140676d61696c2e636f6d223b),
('bkfkskp464006ou0875ddb2baj9o7s6m', '::1', 1623400309, 0x5f5f63695f6c6173745f726567656e65726174657c693a313632333430303330393b656d61696c7c733a32333a2267757074612e7961736832313140676d61696c2e636f6d223b736e616d657c733a32333a2267757074612e7961736832313140676d61696c2e636f6d223b),
('bq84cj8t0gj66k961af8ki3spndnqhin', '::1', 1623692789, 0x5f5f63695f6c6173745f726567656e65726174657c693a313632333639323738393b656d61696c7c733a32333a2267757074612e7961736832313140676d61696c2e636f6d223b69735f6c6f67696e7c733a32333a2267757074612e7961736832313140676d61696c2e636f6d223b),
('c13gqvcho2ivlu7a5cv23hr8v67p8t8s', '::1', 1623532446, 0x5f5f63695f6c6173745f726567656e65726174657c693a313632333533323434363b),
('c4os32uk84se2vcs6ntf1qv4f5ji25u0', '::1', 1623532476, 0x5f5f63695f6c6173745f726567656e65726174657c693a313632333533323434363b),
('c9fvo6cr0q6pt09i2pct1hih8b19a8ol', '::1', 1623599076, 0x5f5f63695f6c6173745f726567656e65726174657c693a313632333539393037363b),
('cskntqat9gefhkapd11j4rln5lqnpn6k', '::1', 1623702379, 0x5f5f63695f6c6173745f726567656e65726174657c693a313632333730323337393b656d61696c7c733a32333a2267757074612e7961736832313140676d61696c2e636f6d223b736e616d657c733a32333a2267757074612e7961736832313140676d61696c2e636f6d223b636e616d657c4e3b),
('d1ji4lkv185brnlmsthmhhij0onpr9ju', '::1', 1623244432, 0x5f5f63695f6c6173745f726567656e65726174657c693a313632333234343433323b656d61696c7c733a32333a2267757074612e7961736832313140676d61696c2e636f6d223b736e616d657c733a32333a2267757074612e7961736832313140676d61696c2e636f6d223b),
('d45vo1p65uakbao3jote0lvka2l9ugsc', '::1', 1623231195, 0x5f5f63695f6c6173745f726567656e65726174657c693a313632333233313139353b656d61696c7c733a32333a2267757074612e7961736832313140676d61696c2e636f6d223b736e616d657c733a32333a2267757074612e7961736832313140676d61696c2e636f6d223b636e616d657c733a31363a224d616368696e65206c6561726e696e67223b),
('dfo7h4kmpei0jh6vgbf0i45ulke2673l', '::1', 1623351609, 0x5f5f63695f6c6173745f726567656e65726174657c693a313632333335313630393b656d61696c7c733a32333a2267757074612e7961736832313140676d61696c2e636f6d223b69735f6c6f67696e7c733a32333a2267757074612e7961736832313140676d61696c2e636f6d223b),
('dhnnhr1rhbsoumjt7ve51mnvnfre6d1j', '::1', 1623237889, 0x5f5f63695f6c6173745f726567656e65726174657c693a313632333233373838393b656d61696c7c733a32333a2267757074612e7961736832313140676d61696c2e636f6d223b736e616d657c733a32333a2267757074612e7961736832313140676d61696c2e636f6d223b),
('djgo670fph0bjs9mi4a1q8o1pqicc8qg', '::1', 1623420631, 0x5f5f63695f6c6173745f726567656e65726174657c693a313632333432303633313b656d61696c7c733a32333a2267757074612e7961736832313140676d61696c2e636f6d223b69735f6c6f67696e7c733a32333a2267757074612e7961736832313140676d61696c2e636f6d223b),
('dnd9rbccoosvjhmbfi0ur8m9eijmcfmh', '::1', 1623599416, 0x5f5f63695f6c6173745f726567656e65726174657c693a313632333539393431363b),
('drfospt6r2iqkimm3jm5ain0dstd6jas', '::1', 1623318781, 0x5f5f63695f6c6173745f726567656e65726174657c693a313632333331383738313b656d61696c7c733a32333a2267757074612e7961736832313140676d61696c2e636f6d223b736e616d657c733a32333a2267757074612e7961736832313140676d61696c2e636f6d223b),
('e9cug0f0nf6rf3n6o67bc5hgunjrdh53', '::1', 1623230725, 0x5f5f63695f6c6173745f726567656e65726174657c693a313632333233303732353b656d61696c7c733a32333a2267757074612e7961736832313140676d61696c2e636f6d223b736e616d657c733a32333a2267757074612e7961736832313140676d61696c2e636f6d223b636e616d657c733a31363a224d616368696e65206c6561726e696e67223b),
('eb0h34akebu2kjddad3ml7ndffjnflh1', '::1', 1623321983, 0x5f5f63695f6c6173745f726567656e65726174657c693a313632333332313938333b656d61696c7c733a32333a2267757074612e7961736832313140676d61696c2e636f6d223b736e616d657c733a32333a2267757074612e7961736832313140676d61696c2e636f6d223b),
('ebku71f998q63s60dnfccdro7ss1qjjm', '::1', 1623324292, 0x5f5f63695f6c6173745f726567656e65726174657c693a313632333332343239323b656d61696c7c733a32333a2267757074612e7961736832313140676d61696c2e636f6d223b736e616d657c733a32333a2267757074612e7961736832313140676d61696c2e636f6d223b),
('edvtglmub2c7bjiokdqv23pkap3gc0u5', '::1', 1623241665, 0x5f5f63695f6c6173745f726567656e65726174657c693a313632333234313636353b656d61696c7c733a32333a2267757074612e7961736832313140676d61696c2e636f6d223b736e616d657c733a32333a2267757074612e7961736832313140676d61696c2e636f6d223b),
('eq60u5tvtvoa0odbtmrrmr8rkbtneg53', '::1', 1623328156, 0x5f5f63695f6c6173745f726567656e65726174657c693a313632333332383135363b656d61696c7c733a32333a2267757074612e7961736832313140676d61696c2e636f6d223b736e616d657c733a32333a2267757074612e7961736832313140676d61696c2e636f6d223b636e616d657c733a31353a2277656220646576656c6f706d656e74223b),
('erma0e32t3vu8og22h253l9sicumg2kn', '::1', 1623327279, 0x5f5f63695f6c6173745f726567656e65726174657c693a313632333332373237393b656d61696c7c733a32333a2267757074612e7961736832313140676d61696c2e636f6d223b736e616d657c733a32333a2267757074612e7961736832313140676d61696c2e636f6d223b636e616d657c733a31353a2277656220646576656c6f706d656e74223b),
('f0i3los21jh0taafcl0f3r7bi81oavh0', '::1', 1623241987, 0x5f5f63695f6c6173745f726567656e65726174657c693a313632333234313938373b656d61696c7c733a32333a2267757074612e7961736832313140676d61696c2e636f6d223b736e616d657c733a32333a2267757074612e7961736832313140676d61696c2e636f6d223b),
('f1t5p4q2n3iu9jo53os3kd84tm6d3vri', '::1', 1623704502, 0x5f5f63695f6c6173745f726567656e65726174657c693a313632333730343530323b656d61696c7c733a32333a2267757074612e7961736832313140676d61696c2e636f6d223b736e616d657c733a32333a2267757074612e7961736832313140676d61696c2e636f6d223b636e616d657c4e3b),
('f20h39dk2ppou1dl8p5knvojr9kk1i0f', '127.0.0.1', 1623417041, 0x5f5f63695f6c6173745f726567656e65726174657c693a313632333431373034313b656d61696c7c733a32333a2267757074612e7961736832313140676d61696c2e636f6d223b736e616d657c733a32333a2267757074612e7961736832313140676d61696c2e636f6d223b),
('f71luq4mc4jm2g9hjcpt9v6m5l1l8fq7', '::1', 1623353005, 0x5f5f63695f6c6173745f726567656e65726174657c693a313632333335333030353b656d61696c7c733a32333a2267757074612e7961736832313140676d61696c2e636f6d223b69735f6c6f67696e7c733a32333a2267757074612e7961736832313140676d61696c2e636f6d223b64656c6574655f73747564656e747c733a31353a2253747564656e742044656c65746564223b5f5f63695f766172737c613a313a7b733a31343a2264656c6574655f73747564656e74223b733a333a226f6c64223b7d),
('f918csssb6ilsr5ioe69he6qodv7gdm0', '::1', 1623243811, 0x5f5f63695f6c6173745f726567656e65726174657c693a313632333234333831313b656d61696c7c733a32333a2267757074612e7961736832313140676d61696c2e636f6d223b736e616d657c733a32333a2267757074612e7961736832313140676d61696c2e636f6d223b),
('fae1b8186hp0ce0b1glvdur6o98qgg7u', '::1', 1623418177, 0x5f5f63695f6c6173745f726567656e65726174657c693a313632333431383137373b656d61696c7c733a32333a2267757074612e7961736832313140676d61696c2e636f6d223b736e616d657c733a32333a2267757074612e7961736832313140676d61696c2e636f6d223b),
('fbf7f11s9r2vsc7dn773kugppcu4i54n', '::1', 1623318045, 0x5f5f63695f6c6173745f726567656e65726174657c693a313632333331383034353b656d61696c7c733a32333a2267757074612e7961736832313140676d61696c2e636f6d223b736e616d657c733a32333a2267757074612e7961736832313140676d61696c2e636f6d223b),
('fl4gedufb03pqeam1m7b5e6d4ftjpgef', '::1', 1623173716, 0x5f5f63695f6c6173745f726567656e65726174657c693a313632333137333731363b656d61696c7c733a32333a2267757074612e7961736832313140676d61696c2e636f6d223b636c6173735f636f64657c4e3b736e616d657c733a31363a2275796779686740676d61696c2e636f6d223b),
('fqn0f3fb3mbm83fb55f6rau2etpfmtlk', '::1', 1623407476, 0x5f5f63695f6c6173745f726567656e65726174657c693a313632333430373437363b656d61696c7c733a32333a2267757074612e7961736832313140676d61696c2e636f6d223b736e616d657c733a32333a2267757074612e7961736832313140676d61696c2e636f6d223b),
('frlueaohs92p637od4gki15en6r15vhb', '::1', 1623404781, 0x5f5f63695f6c6173745f726567656e65726174657c693a313632333430343738313b656d61696c7c733a32333a2267757074612e7961736832313140676d61696c2e636f6d223b736e616d657c733a32333a2267757074612e7961736832313140676d61696c2e636f6d223b),
('g560q6ucm8v18ief6lo3q1t3b5025cg4', '::1', 1623169360, 0x5f5f63695f6c6173745f726567656e65726174657c693a313632333136393336303b656d61696c7c733a32333a2267757074612e7961736832313140676d61696c2e636f6d223b636c6173735f636f64657c4e3b),
('gb6t34ds03lvk6biu9p3njl7j7v1cspv', '::1', 1623671429, 0x5f5f63695f6c6173745f726567656e65726174657c693a313632333637313432393b656d61696c7c733a32333a2267757074612e7961736832313140676d61696c2e636f6d223b736e616d657c733a32333a2267757074612e7961736832313140676d61696c2e636f6d223b636e616d657c733a31353a2277656220646576656c6f706d656e74223b),
('gbj8kjutbvu3k9vgdgi8t170ghoo2bup', '::1', 1623406473, 0x5f5f63695f6c6173745f726567656e65726174657c693a313632333430363437333b656d61696c7c733a32333a2267757074612e7961736832313140676d61696c2e636f6d223b736e616d657c733a32333a2267757074612e7961736832313140676d61696c2e636f6d223b6c6f67696e5f6572726f727c733a32383a22496e76616c696420456d61696c204964204f722050617373776f7264223b5f5f63695f766172737c613a313a7b733a31313a226c6f67696e5f6572726f72223b733a333a226f6c64223b7d),
('gcfh9ucrhj6so603kjjjb0rgfi8o95rc', '::1', 1623522981, 0x5f5f63695f6c6173745f726567656e65726174657c693a313632333532323938313b),
('gh4atcunkaofqos62hq1gajapncvgb5n', '::1', 1623700142, 0x5f5f63695f6c6173745f726567656e65726174657c693a313632333730303134323b656d61696c7c733a32333a2267757074612e7961736832313140676d61696c2e636f6d223b736e616d657c733a32333a2267757074612e7961736832313140676d61696c2e636f6d223b636e616d657c733a31353a2277656220646576656c6f706d656e74223b),
('gpp39i49oki2v1pqg9d5p3siuk9a7lh2', '::1', 1623238486, 0x5f5f63695f6c6173745f726567656e65726174657c693a313632333233383438363b656d61696c7c733a32333a2267757074612e7961736832313140676d61696c2e636f6d223b736e616d657c733a32333a2267757074612e7961736832313140676d61696c2e636f6d223b),
('gtti2sg82t2dm5ohdjagicqf8t4sujf4', '::1', 1623242620, 0x5f5f63695f6c6173745f726567656e65726174657c693a313632333234323632303b656d61696c7c733a32333a2267757074612e7961736832313140676d61696c2e636f6d223b736e616d657c733a32333a2267757074612e7961736832313140676d61696c2e636f6d223b),
('guh9t2n5g2i5ucnmggpmiun33hjrk7l5', '::1', 1623243144, 0x5f5f63695f6c6173745f726567656e65726174657c693a313632333234333134343b656d61696c7c733a32333a2267757074612e7961736832313140676d61696c2e636f6d223b736e616d657c733a32333a2267757074612e7961736832313140676d61696c2e636f6d223b),
('gve4jffdkgvmfrtq6uol5j44hjg9sclf', '::1', 1623531838, 0x5f5f63695f6c6173745f726567656e65726174657c693a313632333533313833383b),
('gvgctt6p3ho9d6ahcqnm13l1asq28kmk', '::1', 1623420976, 0x5f5f63695f6c6173745f726567656e65726174657c693a313632333432303937363b656d61696c7c733a32333a2267757074612e7961736832313140676d61696c2e636f6d223b69735f6c6f67696e7c733a32333a2267757074612e7961736832313140676d61696c2e636f6d223b),
('h2tkhi8o6rqi4uospjkun7kpflud3qak', '::1', 1623404433, 0x5f5f63695f6c6173745f726567656e65726174657c693a313632333430343433333b656d61696c7c733a32333a2267757074612e7961736832313140676d61696c2e636f6d223b736e616d657c733a32333a2267757074612e7961736832313140676d61696c2e636f6d223b),
('haes7snn5clklgbfq8deepjvl4p1g9ue', '::1', 1623422192, 0x5f5f63695f6c6173745f726567656e65726174657c693a313632333432323139323b656d61696c7c733a32333a2267757074612e7961736832313140676d61696c2e636f6d223b69735f6c6f67696e7c733a32333a2267757074612e7961736832313140676d61696c2e636f6d223b),
('he0vqj6run5udjj7n6f2ufr68ubssghd', '::1', 1623700504, 0x5f5f63695f6c6173745f726567656e65726174657c693a313632333730303530343b656d61696c7c733a32333a2267757074612e7961736832313140676d61696c2e636f6d223b736e616d657c733a32333a2267757074612e7961736832313140676d61696c2e636f6d223b636e616d657c733a31353a2277656220646576656c6f706d656e74223b),
('hf9hijrildhr9tirc71gl4flk7vknsip', '::1', 1623250118, 0x5f5f63695f6c6173745f726567656e65726174657c693a313632333234393831393b656d61696c7c733a32333a2267757074612e7961736832313140676d61696c2e636f6d223b69735f6c6f67696e7c733a32333a2267757074612e7961736832313140676d61696c2e636f6d223b),
('hg9hrihq71quk83aki8r1q9p5kia0gqg', '::1', 1623330181, 0x5f5f63695f6c6173745f726567656e65726174657c693a313632333333303138313b656d61696c7c733a32333a2267757074612e7961736832313140676d61696c2e636f6d223b736e616d657c733a32333a2267757074612e7961736832313140676d61696c2e636f6d223b636e616d657c733a31353a2277656220646576656c6f706d656e74223b),
('hnq4s4k2lvcpl7k7tj3mb2gao1dik5kv', '::1', 1623701387, 0x5f5f63695f6c6173745f726567656e65726174657c693a313632333730313338373b656d61696c7c733a32333a2267757074612e7961736832313140676d61696c2e636f6d223b736e616d657c733a32333a2267757074612e7961736832313140676d61696c2e636f6d223b636e616d657c4e3b),
('htcm90l1hvfird7gkm3vv76oa1p5lndd', '::1', 1623694944, 0x5f5f63695f6c6173745f726567656e65726174657c693a313632333639343934343b656d61696c7c733a32333a2267757074612e7961736832313140676d61696c2e636f6d223b69735f6c6f67696e7c733a32333a2267757074612e7961736832313140676d61696c2e636f6d223b666c6173685f6d6573736167657c733a32333a2244617461204164646564205375636365737366756c6c79223b5f5f63695f766172737c613a313a7b733a31333a22666c6173685f6d657373616765223b733a333a226e6577223b7d),
('huvtprvoeoakchu89nb35f81da2kfiqq', '::1', 1623421643, 0x5f5f63695f6c6173745f726567656e65726174657c693a313632333432313634333b656d61696c7c733a32333a2267757074612e7961736832313140676d61696c2e636f6d223b69735f6c6f67696e7c733a32333a2267757074612e7961736832313140676d61696c2e636f6d223b),
('i0nq874ripragmvfi70vjt0u4s7an8h3', '::1', 1623600392, 0x5f5f63695f6c6173745f726567656e65726174657c693a313632333630303339323b),
('i5j7sgbs50i47tvn5l6bh3aq3jid7jem', '::1', 1623173378, 0x5f5f63695f6c6173745f726567656e65726174657c693a313632333137333337383b656d61696c7c733a32333a2267757074612e7961736832313140676d61696c2e636f6d223b636c6173735f636f64657c4e3b736e616d657c733a31363a2275796779686740676d61696c2e636f6d223b),
('i7ba9l5s6mlpsv0na8jvgploh9ml66ge', '::1', 1623319143, 0x5f5f63695f6c6173745f726567656e65726174657c693a313632333331393134333b656d61696c7c733a32333a2267757074612e7961736832313140676d61696c2e636f6d223b736e616d657c733a32333a2267757074612e7961736832313140676d61696c2e636f6d223b),
('iahia57jfeoh4h5jlei9m08b90k1kk1l', '::1', 1623693528, 0x5f5f63695f6c6173745f726567656e65726174657c693a313632333639333532383b656d61696c7c733a32333a2267757074612e7961736832313140676d61696c2e636f6d223b69735f6c6f67696e7c733a32333a2267757074612e7961736832313140676d61696c2e636f6d223b),
('iel0t9m8453r6jcl45t5r0eftcjd8nso', '::1', 1623406156, 0x5f5f63695f6c6173745f726567656e65726174657c693a313632333430363135363b656d61696c7c733a32333a2267757074612e7961736832313140676d61696c2e636f6d223b736e616d657c733a32333a2267757074612e7961736832313140676d61696c2e636f6d223b),
('ienli7a9gcu07isp4opp0j81i8kp8ldu', '::1', 1623177559, 0x5f5f63695f6c6173745f726567656e65726174657c693a313632333137373535393b656d61696c7c733a32333a2267757074612e7961736832313140676d61696c2e636f6d223b636c6173735f636f64657c4e3b736e616d657c733a32333a2267757074612e7961736832313140676d61696c2e636f6d223b6e616d657c733a343a2259617368223b),
('ihfvrjfkt6kud327v0gbiuc34abliroi', '::1', 1623410789, 0x5f5f63695f6c6173745f726567656e65726174657c693a313632333431303738393b656d61696c7c733a32333a2267757074612e7961736832313140676d61696c2e636f6d223b736e616d657c733a32333a2267757074612e7961736832313140676d61696c2e636f6d223b),
('ik04as2317u3gm7un5t7snfk0pe5u2vg', '::1', 1623351247, 0x5f5f63695f6c6173745f726567656e65726174657c693a313632333335313234373b656d61696c7c733a32333a2267757074612e7961736832313140676d61696c2e636f6d223b69735f6c6f67696e7c733a32333a2267757074612e7961736832313140676d61696c2e636f6d223b),
('istg8s137jggqchbmklqr389pl5am6ho', '::1', 1623327848, 0x5f5f63695f6c6173745f726567656e65726174657c693a313632333332373834383b656d61696c7c733a32333a2267757074612e7961736832313140676d61696c2e636f6d223b736e616d657c733a32333a2267757074612e7961736832313140676d61696c2e636f6d223b636e616d657c733a31353a2277656220646576656c6f706d656e74223b),
('itlak7ni2rnkh9ifg9aiqo48unijbhna', '::1', 1623605053, 0x5f5f63695f6c6173745f726567656e65726174657c693a313632333630353035333b),
('j9tbqk94he6iu82sqisqqro1he1p63ib', '::1', 1623229546, 0x5f5f63695f6c6173745f726567656e65726174657c693a313632333232393534363b656d61696c7c733a32333a2267757074612e7961736832313140676d61696c2e636f6d223b736e616d657c733a32333a2267757074612e7961736832313140676d61696c2e636f6d223b),
('jdufo0hblmn0frr02jbf0avs39n5091q', '::1', 1623605895, 0x5f5f63695f6c6173745f726567656e65726174657c693a313632333630353839353b),
('jfcedm3qjkd01skee9pchsvm04n8rpgn', '::1', 1623426348, 0x5f5f63695f6c6173745f726567656e65726174657c693a313632333432363334383b656d61696c7c733a32333a2267757074612e7961736832313140676d61696c2e636f6d223b69735f6c6f67696e7c733a32333a2267757074612e7961736832313140676d61696c2e636f6d223b),
('jqifg8t3j6ok2stvjfj46jki8hjcpj2u', '::1', 1623427498, 0x5f5f63695f6c6173745f726567656e65726174657c693a313632333432373439383b656d61696c7c733a32333a2267757074612e7961736832313140676d61696c2e636f6d223b69735f6c6f67696e7c733a32333a2267757074612e7961736832313140676d61696c2e636f6d223b),
('k243soeil1f09jb0l0csc5alvbgglmh1', '::1', 1623322351, 0x5f5f63695f6c6173745f726567656e65726174657c693a313632333332323335313b656d61696c7c733a32333a2267757074612e7961736832313140676d61696c2e636f6d223b736e616d657c733a32333a2267757074612e7961736832313140676d61696c2e636f6d223b),
('k5vo0mqmc6or0t81o9su07lt74spio7u', '::1', 1623241358, 0x5f5f63695f6c6173745f726567656e65726174657c693a313632333234313335383b656d61696c7c733a32333a2267757074612e7961736832313140676d61696c2e636f6d223b736e616d657c733a32333a2267757074612e7961736832313140676d61696c2e636f6d223b),
('kdurrm1adlpdrgacbpp9r3jhl4kp2v6m', '::1', 1623177907, 0x5f5f63695f6c6173745f726567656e65726174657c693a313632333137373930373b656d61696c7c733a32333a2267757074612e7961736832313140676d61696c2e636f6d223b636c6173735f636f64657c4e3b736e616d657c733a32333a2267757074612e7961736832313140676d61696c2e636f6d223b6e616d657c733a343a2259617368223b),
('kho32b4hjin7cb5gkv53gk1sua7khscj', '::1', 1623529762, 0x5f5f63695f6c6173745f726567656e65726174657c693a313632333532393736323b),
('kk8t6pkstdm62k0ks9rj5665kr1nlnp8', '::1', 1623325380, 0x5f5f63695f6c6173745f726567656e65726174657c693a313632333332353338303b656d61696c7c733a32333a2267757074612e7961736832313140676d61696c2e636f6d223b736e616d657c733a32333a2267757074612e7961736832313140676d61696c2e636f6d223b),
('klj7t9qomdm94ivkc7ce8tkfbkbc0kej', '::1', 1623606150, 0x5f5f63695f6c6173745f726567656e65726174657c693a313632333630353839353b),
('km58sijgboupur80m5db1djebgknro2g', '::1', 1623526835, 0x5f5f63695f6c6173745f726567656e65726174657c693a313632333532363833353b),
('kt0as5dv2hbchodlkkieruq9439vs3jv', '::1', 1623178711, 0x5f5f63695f6c6173745f726567656e65726174657c693a313632333137383731313b656d61696c7c733a32333a2267757074612e7961736832313140676d61696c2e636f6d223b636c6173735f636f64657c4e3b736e616d657c733a32333a2267757074612e7961736832313140676d61696c2e636f6d223b6e616d657c733a343a2259617368223b),
('l00mmoik6cqb5sg8v082uqm45m9jd19l', '::1', 1623432814, 0x5f5f63695f6c6173745f726567656e65726174657c693a313632333433323831343b656d61696c7c733a32333a2267757074612e7961736832313140676d61696c2e636f6d223b69735f6c6f67696e7c733a32333a2267757074612e7961736832313140676d61696c2e636f6d223b666c6173685f6d6573736167657c733a32333a2244617461204164646564205375636365737366756c6c79223b5f5f63695f766172737c613a313a7b733a31333a22666c6173685f6d657373616765223b733a333a226e6577223b7d),
('l1ijv18pqt1kku6sk6psas3s3hin09u6', '::1', 1623602101, 0x5f5f63695f6c6173745f726567656e65726174657c693a313632333630323130313b),
('lglmpivaqn8dd7u2sfhsncqi5cgj4ns7', '::1', 1623528880, 0x5f5f63695f6c6173745f726567656e65726174657c693a313632333532383838303b),
('lh9t4c1f4cder6m7cigm4k7ge4uu7r97', '::1', 1623429573, 0x5f5f63695f6c6173745f726567656e65726174657c693a313632333432393537333b656d61696c7c733a32333a2267757074612e7961736832313140676d61696c2e636f6d223b736e616d657c733a32333a2267757074612e7961736832313140676d61696c2e636f6d223b636e616d657c733a31353a2277656220646576656c6f706d656e74223b),
('lhdis2rbckjlgbp99n8kbhd79e6lf1l1', '::1', 1623737669, 0x5f5f63695f6c6173745f726567656e65726174657c693a313632333733373636393b656d61696c7c733a32333a2267757074612e7961736832313140676d61696c2e636f6d223b736e616d657c733a32333a2267757074612e7961736832313140676d61696c2e636f6d223b),
('ljje5l5jcpcf0n5hhnfhm5ukk2o2dq7d', '::1', 1623399945, 0x5f5f63695f6c6173745f726567656e65726174657c693a313632333339393934353b656d61696c7c733a32333a2267757074612e7961736832313140676d61696c2e636f6d223b736e616d657c733a32333a2267757074612e7961736832313140676d61696c2e636f6d223b),
('lpmhose346okcnbrlhtao1a3cqoh734r', '::1', 1623249194, 0x5f5f63695f6c6173745f726567656e65726174657c693a313632333234393139343b656d61696c7c733a32333a2267757074612e7961736832313140676d61696c2e636f6d223b69735f6c6f67696e7c733a32333a2267757074612e7961736832313140676d61696c2e636f6d223b),
('ls4cq85qncb328frgqqj1pl5knldnrhc', '::1', 1623703063, 0x5f5f63695f6c6173745f726567656e65726174657c693a313632333730333036333b656d61696c7c733a32333a2267757074612e7961736832313140676d61696c2e636f6d223b736e616d657c733a32333a2267757074612e7961736832313140676d61696c2e636f6d223b636e616d657c4e3b),
('lulan0rsa7586ol1363iolkc67g8kq71', '::1', 1623325693, 0x5f5f63695f6c6173745f726567656e65726174657c693a313632333332353639333b656d61696c7c733a32333a2267757074612e7961736832313140676d61696c2e636f6d223b736e616d657c733a32333a2267757074612e7961736832313140676d61696c2e636f6d223b),
('m1nla793jtgvk28mc9i3ddk96mbd0he0', '::1', 1623247226, 0x5f5f63695f6c6173745f726567656e65726174657c693a313632333234373232363b656d61696c7c733a32333a2267757074612e7961736832313140676d61696c2e636f6d223b736e616d657c733a32333a2267757074612e7961736832313140676d61696c2e636f6d223b),
('m1vade1ioesad4e83ump311tsc2i33vp', '::1', 1623424549, 0x5f5f63695f6c6173745f726567656e65726174657c693a313632333432343534393b656d61696c7c733a32333a2267757074612e7961736832313140676d61696c2e636f6d223b69735f6c6f67696e7c733a32333a2267757074612e7961736832313140676d61696c2e636f6d223b),
('mf4mncuq25mpietbe6eqiha1n5jgs2jv', '::1', 1623530944, 0x5f5f63695f6c6173745f726567656e65726174657c693a313632333533303934343b),
('mj01482vimubd01hp4cbqfec8sribdoq', '::1', 1623419786, 0x5f5f63695f6c6173745f726567656e65726174657c693a313632333431393738363b656d61696c7c733a32333a2267757074612e7961736832313140676d61696c2e636f6d223b69735f6c6f67696e7c733a32333a2267757074612e7961736832313140676d61696c2e636f6d223b),
('mju99rrncrh1124p8r12cld0586s4r2c', '::1', 1623339576, 0x5f5f63695f6c6173745f726567656e65726174657c693a313632333333393537363b656d61696c7c733a32333a2267757074612e7961736832313140676d61696c2e636f6d223b736e616d657c733a32333a2267757074612e7961736832313140676d61696c2e636f6d223b636e616d657c733a31353a22636f6d707574657220766973696f6e223b69735f6c6f67696e7c733a32333a2267757074612e7961736832313140676d61696c2e636f6d223b),
('mkbasel1g2duplh8mp3ds59hfm5i1sse', '::1', 1623692430, 0x5f5f63695f6c6173745f726567656e65726174657c693a313632333639323433303b656d61696c7c733a32333a2267757074612e7961736832313140676d61696c2e636f6d223b69735f6c6f67696e7c733a32333a2267757074612e7961736832313140676d61696c2e636f6d223b),
('mp47679oggdu080unuo6v0mrfhis1116', '::1', 1623706744, 0x5f5f63695f6c6173745f726567656e65726174657c693a313632333730363534323b656d61696c7c733a32333a2267757074612e7961736832313140676d61696c2e636f6d223b736e616d657c733a32333a2267757074612e7961736832313140676d61696c2e636f6d223b636e616d657c4e3b),
('mrqgog1e6jb6gp2pmnngojt005sn86g9', '::1', 1623694195, 0x5f5f63695f6c6173745f726567656e65726174657c693a313632333639343139353b656d61696c7c733a32333a2267757074612e7961736832313140676d61696c2e636f6d223b69735f6c6f67696e7c733a32333a2267757074612e7961736832313140676d61696c2e636f6d223b),
('mv9topueciphoslbi72gp80cgb2m7adi', '::1', 1623399450, 0x5f5f63695f6c6173745f726567656e65726174657c693a313632333339393435303b),
('n0vcnvebesdbl0vj4d9bae1hd9od9fu3', '::1', 1623525866, 0x5f5f63695f6c6173745f726567656e65726174657c693a313632333532353836363b),
('n1ri1fe2h73ldl61v7esa7lcqth80abb', '::1', 1623244914, 0x5f5f63695f6c6173745f726567656e65726174657c693a313632333234343931343b656d61696c7c733a32333a2267757074612e7961736832313140676d61696c2e636f6d223b736e616d657c733a32333a2267757074612e7961736832313140676d61696c2e636f6d223b),
('n33p5684139kiqnpeke606b1f63dagac', '::1', 1623167283, 0x5f5f63695f6c6173745f726567656e65726174657c693a313632333136373238333b656d61696c7c733a32333a2267757074612e7961736832313140676d61696c2e636f6d223b636c6173735f636f64657c4e3b),
('nes1g68gstlnkbcjfod4n12cedde8sfr', '::1', 1623423601, 0x5f5f63695f6c6173745f726567656e65726174657c693a313632333432333630313b656d61696c7c733a32333a2267757074612e7961736832313140676d61696c2e636f6d223b69735f6c6f67696e7c733a32333a2267757074612e7961736832313140676d61696c2e636f6d223b),
('ngtjer00esck87llkroo4g43hv7b3jfe', '::1', 1623176784, 0x5f5f63695f6c6173745f726567656e65726174657c693a313632333137363738343b656d61696c7c733a32333a2267757074612e7961736832313140676d61696c2e636f6d223b636c6173735f636f64657c4e3b736e616d657c733a32333a2267757074612e7961736832313140676d61696c2e636f6d223b6e616d657c733a343a2259617368223b6c6f67696e5f6572726f727c733a32383a22496e76616c696420456d61696c204964204f722050617373776f7264223b5f5f63695f766172737c613a313a7b733a31313a226c6f67696e5f6572726f72223b733a333a226f6c64223b7d),
('nkb1k375mrpi6msdvuqc64duups8cg9k', '::1', 1623330485, 0x5f5f63695f6c6173745f726567656e65726174657c693a313632333333303438353b656d61696c7c733a32333a2267757074612e7961736832313140676d61696c2e636f6d223b736e616d657c733a32333a2267757074612e7961736832313140676d61696c2e636f6d223b636e616d657c733a31353a2277656220646576656c6f706d656e74223b),
('nmqnq82kv55f284qio9tleuhlvq4nj4u', '::1', 1623604640, 0x5f5f63695f6c6173745f726567656e65726174657c693a313632333630343634303b),
('nrs9cm03srsvgbqnda1ok4aaj014aep6', '::1', 1623433952, 0x5f5f63695f6c6173745f726567656e65726174657c693a313632333433333935323b656d61696c7c733a32333a2267757074612e7961736832313140676d61696c2e636f6d223b69735f6c6f67696e7c733a32333a2267757074612e7961736832313140676d61696c2e636f6d223b),
('o49fn82gcin8n2pj9j0kuccmboq21n08', '::1', 1623315309, 0x5f5f63695f6c6173745f726567656e65726174657c693a313632333331353330393b656d61696c7c733a32333a2267757074612e7961736832313140676d61696c2e636f6d223b736e616d657c733a32333a2267757074612e7961736832313140676d61696c2e636f6d223b),
('o6ff71nsd7al4sdni7kh3qps8m4nebu4', '::1', 1623236892, 0x5f5f63695f6c6173745f726567656e65726174657c693a313632333233363839323b656d61696c7c733a32333a2267757074612e7961736832313140676d61696c2e636f6d223b736e616d657c733a32333a2267757074612e7961736832313140676d61696c2e636f6d223b);
INSERT INTO `ci_sessions` (`id`, `ip_address`, `timestamp`, `data`) VALUES
('o9duegc7ffdgkqdmtm7pacaju4e9qbje', '::1', 1623330849, 0x5f5f63695f6c6173745f726567656e65726174657c693a313632333333303834393b656d61696c7c733a32333a2267757074612e7961736832313140676d61696c2e636f6d223b736e616d657c733a32333a2267757074612e7961736832313140676d61696c2e636f6d223b636e616d657c733a31353a2277656220646576656c6f706d656e74223b),
('odfr4b5rfhksap56i6vn7urg5j1es4f7', '::1', 1623704076, 0x5f5f63695f6c6173745f726567656e65726174657c693a313632333730343037363b656d61696c7c733a32333a2267757074612e7961736832313140676d61696c2e636f6d223b736e616d657c733a32333a2267757074612e7961736832313140676d61696c2e636f6d223b636e616d657c4e3b),
('ofkjbl0t1oasj10unnfhv6bttr9iksq4', '::1', 1623248483, 0x5f5f63695f6c6173745f726567656e65726174657c693a313632333234383438333b656d61696c7c733a32333a2267757074612e7961736832313140676d61696c2e636f6d223b69735f6c6f67696e7c733a32333a2267757074612e7961736832313140676d61696c2e636f6d223b),
('ooap2qaol2c583spsvochm4u6jt9bs1n', '::1', 1623169663, 0x5f5f63695f6c6173745f726567656e65726174657c693a313632333136393636333b656d61696c7c733a32333a2267757074612e7961736832313140676d61696c2e636f6d223b636c6173735f636f64657c4e3b),
('opbtj5b1lccqb35gvvmpcq78mrfspr1m', '::1', 1623180045, 0x5f5f63695f6c6173745f726567656e65726174657c693a313632333138303034353b656d61696c7c733a32333a2267757074612e7961736832313140676d61696c2e636f6d223b736e616d657c733a32333a2267757074612e7961736832313140676d61696c2e636f6d223b),
('ou8qss586lujt4fu0cpsvhvfg8dump8o', '::1', 1623422787, 0x5f5f63695f6c6173745f726567656e65726174657c693a313632333432323738373b656d61696c7c733a32333a2267757074612e7961736832313140676d61696c2e636f6d223b69735f6c6f67696e7c733a32333a2267757074612e7961736832313140676d61696c2e636f6d223b),
('p9047pl27dv288rbt6kkfhhrgj609hl0', '::1', 1623168991, 0x5f5f63695f6c6173745f726567656e65726174657c693a313632333136383939313b656d61696c7c733a32333a2267757074612e7961736832313140676d61696c2e636f6d223b636c6173735f636f64657c4e3b),
('p943s47nv9j1gmdj4t6grgtivmb4no5r', '::1', 1623403268, 0x5f5f63695f6c6173745f726567656e65726174657c693a313632333430333236383b656d61696c7c733a32333a2267757074612e7961736832313140676d61696c2e636f6d223b736e616d657c733a32333a2267757074612e7961736832313140676d61696c2e636f6d223b636e616d657c733a31353a22636f6d707574657220766973696f6e223b),
('pdps8ud8dhnki51fucgr361fdehju6j6', '::1', 1623427077, 0x5f5f63695f6c6173745f726567656e65726174657c693a313632333432373037373b656d61696c7c733a32333a2267757074612e7961736832313140676d61696c2e636f6d223b69735f6c6f67696e7c733a32333a2267757074612e7961736832313140676d61696c2e636f6d223b),
('pe7jheije9e1jisqdbfc1co7rbiifmbl', '::1', 1623605582, 0x5f5f63695f6c6173745f726567656e65726174657c693a313632333630353538323b),
('ph5sb71e8d1g44603i0d7isuqqkaj1bq', '::1', 1623703683, 0x5f5f63695f6c6173745f726567656e65726174657c693a313632333730333638333b656d61696c7c733a32333a2267757074612e7961736832313140676d61696c2e636f6d223b736e616d657c733a32333a2267757074612e7961736832313140676d61696c2e636f6d223b636e616d657c4e3b),
('pmpus79ehkns16pm71lcoeksfrtsckct', '::1', 1623425211, 0x5f5f63695f6c6173745f726567656e65726174657c693a313632333432353231313b656d61696c7c733a32333a2267757074612e7961736832313140676d61696c2e636f6d223b69735f6c6f67696e7c733a32333a2267757074612e7961736832313140676d61696c2e636f6d223b61646d696e5f6c6f67696e7c733a313a2231223b61646d696e5f69647c733a313a2231223b6c6f67696e5f757365725f69647c733a313a2231223b6e616d657c733a343a2259617368223b6c6f67696e5f747970657c733a353a2261646d696e223b),
('q1am14b0hjdmqrlf5b1ogt041ia3tv60', '::1', 1623699807, 0x5f5f63695f6c6173745f726567656e65726174657c693a313632333639393830373b656d61696c7c733a32333a2267757074612e7961736832313140676d61696c2e636f6d223b736e616d657c733a32333a2267757074612e7961736832313140676d61696c2e636f6d223b636e616d657c733a31353a2277656220646576656c6f706d656e74223b),
('qbkerjr2m1f1dherikp9suj5vg229mb4', '::1', 1623236079, 0x5f5f63695f6c6173745f726567656e65726174657c693a313632333233363037393b656d61696c7c733a32333a2267757074612e7961736832313140676d61696c2e636f6d223b736e616d657c733a32333a2267757074612e7961736832313140676d61696c2e636f6d223b),
('qmrhi6ogdilb5l3c48o9p5qoobi3bdqi', '::1', 1623408553, 0x5f5f63695f6c6173745f726567656e65726174657c693a313632333430383535333b656d61696c7c733a32333a2267757074612e7961736832313140676d61696c2e636f6d223b736e616d657c733a32333a2267757074612e7961736832313140676d61696c2e636f6d223b),
('qmvrs5gciluqrbr271fq0inm9m7njvv4', '::1', 1623240973, 0x5f5f63695f6c6173745f726567656e65726174657c693a313632333234303937333b656d61696c7c733a32333a2267757074612e7961736832313140676d61696c2e636f6d223b736e616d657c733a32333a2267757074612e7961736832313140676d61696c2e636f6d223b),
('qoftg3r085trgl5fl15gn70t4f19olga', '::1', 1623178298, 0x5f5f63695f6c6173745f726567656e65726174657c693a313632333137383239383b656d61696c7c733a32333a2267757074612e7961736832313140676d61696c2e636f6d223b636c6173735f636f64657c4e3b736e616d657c733a32333a2267757074612e7961736832313140676d61696c2e636f6d223b6e616d657c733a343a2259617368223b),
('qpvnbtblj9uadr2tfjcestdmnei6fhil', '::1', 1623600065, 0x5f5f63695f6c6173745f726567656e65726174657c693a313632333630303036353b),
('r3cqaemput9vhs41j5qqe1t16qk9bnu0', '::1', 1623248129, 0x5f5f63695f6c6173745f726567656e65726174657c693a313632333234383132393b656d61696c7c733a32333a2267757074612e7961736832313140676d61696c2e636f6d223b69735f6c6f67696e7c733a32333a2267757074612e7961736832313140676d61696c2e636f6d223b),
('r6igaf8tbog1eoqc1jh7bee3uuffh7e5', '::1', 1623419329, 0x5f5f63695f6c6173745f726567656e65726174657c693a313632333431393332393b656d61696c7c733a32333a2267757074612e7961736832313140676d61696c2e636f6d223b69735f6c6f67696e7c733a32333a2267757074612e7961736832313140676d61696c2e636f6d223b),
('r7rsm6j1f5d8etls8hi5ao4tcrtang96', '::1', 1623428709, 0x5f5f63695f6c6173745f726567656e65726174657c693a313632333432383730393b656d61696c7c733a32333a2267757074612e7961736832313140676d61696c2e636f6d223b69735f6c6f67696e7c733a32333a2267757074612e7961736832313140676d61696c2e636f6d223b),
('r97se3kfvtopfefkgp0436ms3j7hij9n', '::1', 1623329168, 0x5f5f63695f6c6173745f726567656e65726174657c693a313632333332393136383b656d61696c7c733a32333a2267757074612e7961736832313140676d61696c2e636f6d223b736e616d657c733a32333a2267757074612e7961736832313140676d61696c2e636f6d223b636e616d657c733a31353a2277656220646576656c6f706d656e74223b),
('rd4q19u9m0r7mfr0n8cvm8b9si5vhv8p', '::1', 1623233328, 0x5f5f63695f6c6173745f726567656e65726174657c693a313632333233333332383b656d61696c7c733a32333a2267757074612e7961736832313140676d61696c2e636f6d223b736e616d657c733a32333a2267757074612e7961736832313140676d61696c2e636f6d223b636e616d657c733a31353a2277656220646576656c6f706d656e74223b),
('rkom3sfnlncagsa46chi0egf8qei81su', '::1', 1623331168, 0x5f5f63695f6c6173745f726567656e65726174657c693a313632333333313136383b656d61696c7c733a32333a2267757074612e7961736832313140676d61696c2e636f6d223b736e616d657c733a32333a2267757074612e7961736832313140676d61696c2e636f6d223b636e616d657c733a31353a2277656220646576656c6f706d656e74223b),
('rmki6f58ve7d3tcs73iof95ii4em6mt3', '::1', 1623317310, 0x5f5f63695f6c6173745f726567656e65726174657c693a313632333331373331303b656d61696c7c733a32333a2267757074612e7961736832313140676d61696c2e636f6d223b736e616d657c733a32333a2267757074612e7961736832313140676d61696c2e636f6d223b),
('rqcovkcfi7ne6jetbplfhv94fmad8o3t', '::1', 1623698750, 0x5f5f63695f6c6173745f726567656e65726174657c693a313632333639383735303b656d61696c7c733a32333a2267757074612e7961736832313140676d61696c2e636f6d223b69735f6c6f67696e7c733a32333a2267757074612e7961736832313140676d61696c2e636f6d223b),
('rvf1tg8eca43l1jsb0h2obl74jcs29hj', '::1', 1623175646, 0x5f5f63695f6c6173745f726567656e65726174657c693a313632333137353634363b656d61696c7c733a32333a2267757074612e7961736832313140676d61696c2e636f6d223b636c6173735f636f64657c4e3b736e616d657c733a32333a2267757074612e7961736832313140676d61696c2e636f6d223b6e616d657c733a343a2259617368223b),
('s05cb1fcu9ucl8f5ch701vq2f6bkakgc', '::1', 1623172183, 0x5f5f63695f6c6173745f726567656e65726174657c693a313632333137323138333b656d61696c7c733a32333a2267757074612e7961736832313140676d61696c2e636f6d223b636c6173735f636f64657c4e3b),
('s0pp0kgoejb2oc973q4up5a6q7tihsg9', '::1', 1623429014, 0x5f5f63695f6c6173745f726567656e65726174657c693a313632333432393031343b656d61696c7c733a32333a2267757074612e7961736832313140676d61696c2e636f6d223b69735f6c6f67696e7c733a32333a2267757074612e7961736832313140676d61696c2e636f6d223b666c6173685f6d6573736167657c733a32333a2244617461204164646564205375636365737366756c6c79223b5f5f63695f766172737c613a313a7b733a31333a22666c6173685f6d657373616765223b733a333a226e6577223b7d),
('s9i71cigclprius8ruj2o421e3c4tfoc', '::1', 1623434386, 0x5f5f63695f6c6173745f726567656e65726174657c693a313632333433343334363b),
('s9jelc264js2u2t7939rlderl8evt97e', '::1', 1623337743, 0x5f5f63695f6c6173745f726567656e65726174657c693a313632333333373734333b656d61696c7c733a32333a2267757074612e7961736832313140676d61696c2e636f6d223b736e616d657c733a32333a2267757074612e7961736832313140676d61696c2e636f6d223b636e616d657c733a31353a2277656220646576656c6f706d656e74223b),
('sc63pr8cu9fu4t2u9spbvlaefkprt89g', '::1', 1623320306, 0x5f5f63695f6c6173745f726567656e65726174657c693a313632333332303330363b656d61696c7c733a32333a2267757074612e7961736832313140676d61696c2e636f6d223b736e616d657c733a32333a2267757074612e7961736832313140676d61696c2e636f6d223b),
('sda3me8cefb7956bgh1inrbvq5s8f4j2', '::1', 1623411590, 0x5f5f63695f6c6173745f726567656e65726174657c693a313632333431313539303b656d61696c7c733a32333a2267757074612e7961736832313140676d61696c2e636f6d223b736e616d657c733a32333a2267757074612e7961736832313140676d61696c2e636f6d223b6d6573736167655f73656e747c733a32353a224d6573736167652053656e74207375636365737366756c6c79223b5f5f63695f766172737c613a313a7b733a31323a226d6573736167655f73656e74223b733a333a226e6577223b7d),
('sdceopkntk3voi25dmi0kqvnaih80gam', '::1', 1623602797, 0x5f5f63695f6c6173745f726567656e65726174657c693a313632333630323739373b),
('sftd8o46ec9l99iesup3ir6ei8n6ooks', '::1', 1623603518, 0x5f5f63695f6c6173745f726567656e65726174657c693a313632333630333531383b),
('skkn2p561tfah8il10sj8q9a15q421vs', '::1', 1623670761, 0x5f5f63695f6c6173745f726567656e65726174657c693a313632333637303736313b),
('sknmdi2f42koavi13lr104buupf93agk', '::1', 1623530502, 0x5f5f63695f6c6173745f726567656e65726174657c693a313632333533303530323b),
('srsoqtlrhotfcml04hd1fbikt6k1cm0i', '::1', 1623417543, 0x5f5f63695f6c6173745f726567656e65726174657c693a313632333431373534333b656d61696c7c733a32333a2267757074612e7961736832313140676d61696c2e636f6d223b736e616d657c733a32333a2267757074612e7961736832313140676d61696c2e636f6d223b),
('ss1eho8t2ad77ne48nr9l9830cn55k9d', '::1', 1623671772, 0x5f5f63695f6c6173745f726567656e65726174657c693a313632333637313737323b656d61696c7c733a32333a2267757074612e7961736832313140676d61696c2e636f6d223b736e616d657c733a32333a2267757074612e7961736832313140676d61696c2e636f6d223b636e616d657c733a393a2244657369676e696e67223b),
('su7ibv36la4k5euob9iqbtcceqeg6rvn', '::1', 1623349172, 0x5f5f63695f6c6173745f726567656e65726174657c693a313632333334393137323b656d61696c7c733a32333a2267757074612e7961736832313140676d61696c2e636f6d223b69735f6c6f67696e7c733a32333a2267757074612e7961736832313140676d61696c2e636f6d223b),
('t2j8gjscpacdghrr4n6663b3k1f7c8cu', '::1', 1623408055, 0x5f5f63695f6c6173745f726567656e65726174657c693a313632333430383035353b656d61696c7c733a32333a2267757074612e7961736832313140676d61696c2e636f6d223b736e616d657c733a32333a2267757074612e7961736832313140676d61696c2e636f6d223b),
('tau285k2m0n40cooj81sj19gfr2ub1op', '::1', 1623431773, 0x5f5f63695f6c6173745f726567656e65726174657c693a313632333433313737333b6e616d657c733a363a22436861697475223b656d61696c7c733a32333a2267757074612e7961736832313140676d61696c2e636f6d223b736e616d657c733a32333a2267757074612e7961736832313140676d61696c2e636f6d223b),
('tbokv247uh4a5dnrlqfpf8r95dalpoea', '::1', 1623173036, 0x5f5f63695f6c6173745f726567656e65726174657c693a313632333137333033363b656d61696c7c733a32333a2267757074612e7961736832313140676d61696c2e636f6d223b636c6173735f636f64657c4e3b),
('tel9b7klr8kvp1t7kfus00nd9snvelq0', '::1', 1623424237, 0x5f5f63695f6c6173745f726567656e65726174657c693a313632333432343233373b656d61696c7c733a32333a2267757074612e7961736832313140676d61696c2e636f6d223b69735f6c6f67696e7c733a32333a2267757074612e7961736832313140676d61696c2e636f6d223b),
('tknqvgpcqvmbv9jajvek031p9259akpb', '::1', 1623180903, 0x5f5f63695f6c6173745f726567656e65726174657c693a313632333138303930333b656d61696c7c733a32333a2267757074612e7961736832313140676d61696c2e636f6d223b736e616d657c733a32333a2267757074612e7961736832313140676d61696c2e636f6d223b),
('tq53ik62ad009sjb8belojk48getf8g1', '::1', 1623396221, 0x5f5f63695f6c6173745f726567656e65726174657c693a313632333339363232313b),
('tu51rpso9g8pukjdbhfbron8tvf30oaa', '::1', 1623338068, 0x5f5f63695f6c6173745f726567656e65726174657c693a313632333333383036383b656d61696c7c733a32333a2267757074612e7961736832313140676d61696c2e636f6d223b736e616d657c733a32333a2267757074612e7961736832313140676d61696c2e636f6d223b636e616d657c733a31353a2277656220646576656c6f706d656e74223b),
('tuik53erigvtoj9cjs3b30s5amboms37', '::1', 1623697046, 0x5f5f63695f6c6173745f726567656e65726174657c693a313632333639373034363b656d61696c7c733a32333a2267757074612e7961736832313140676d61696c2e636f6d223b69735f6c6f67696e7c733a32333a2267757074612e7961736832313140676d61696c2e636f6d223b),
('u3pkcm60770rtcgucl4i9klqkpsd6omf', '::1', 1623352324, 0x5f5f63695f6c6173745f726567656e65726174657c693a313632333335323332343b656d61696c7c733a32333a2267757074612e7961736832313140676d61696c2e636f6d223b69735f6c6f67696e7c733a32333a2267757074612e7961736832313140676d61696c2e636f6d223b),
('u815apmniv4hmb2vech9gcmhdva54d29', '::1', 1623603981, 0x5f5f63695f6c6173745f726567656e65726174657c693a313632333630333938313b),
('ufqgl1bnn2ka05n99kjmmn3fc2u9kfmt', '::1', 1623242303, 0x5f5f63695f6c6173745f726567656e65726174657c693a313632333234323330333b656d61696c7c733a32333a2267757074612e7961736832313140676d61696c2e636f6d223b736e616d657c733a32333a2267757074612e7961736832313140676d61696c2e636f6d223b),
('ump4pg0v4e0fij99ikqp8oolcevc57l3', '::1', 1623599764, 0x5f5f63695f6c6173745f726567656e65726174657c693a313632333539393736343b),
('v280m4q1evkfiju7allrtliruv16j2r4', '::1', 1623529199, 0x5f5f63695f6c6173745f726567656e65726174657c693a313632333532393139393b),
('vifqulei81c1hohhno9bek1obso828ol', '::1', 1623326311, 0x5f5f63695f6c6173745f726567656e65726174657c693a313632333332363331313b656d61696c7c733a32333a2267757074612e7961736832313140676d61696c2e636f6d223b736e616d657c733a32333a2267757074612e7961736832313140676d61696c2e636f6d223b),
('vnkt4unt76sc8bf3gh3fdl6s0430tc5v', '::1', 1623323461, 0x5f5f63695f6c6173745f726567656e65726174657c693a313632333332333436313b656d61696c7c733a32333a2267757074612e7961736832313140676d61696c2e636f6d223b736e616d657c733a32333a2267757074612e7961736832313140676d61696c2e636f6d223b),
('vpr9pffl55vq2fmrlqbnej8qj56btr5o', '::1', 1623245392, 0x5f5f63695f6c6173745f726567656e65726174657c693a313632333234353339323b656d61696c7c733a32333a2267757074612e7961736832313140676d61696c2e636f6d223b736e616d657c733a32333a2267757074612e7961736832313140676d61696c2e636f6d223b),
('vvh6je0ksr60skfucjqm26ve8it9nlur', '::1', 1623694595, 0x5f5f63695f6c6173745f726567656e65726174657c693a313632333639343539353b656d61696c7c733a32333a2267757074612e7961736832313140676d61696c2e636f6d223b69735f6c6f67696e7c733a32333a2267757074612e7961736832313140676d61696c2e636f6d223b);

-- --------------------------------------------------------

--
-- Table structure for table `class`
--

DROP TABLE IF EXISTS `class`;
CREATE TABLE IF NOT EXISTS `class` (
  `class_id` int(11) NOT NULL AUTO_INCREMENT,
  `name` varchar(11) COLLATE utf8_unicode_ci DEFAULT '',
  `name_numeric` varchar(3) COLLATE utf8_unicode_ci DEFAULT '',
  `teacher_id` int(11) DEFAULT NULL,
  PRIMARY KEY (`class_id`)
) ENGINE=InnoDB AUTO_INCREMENT=2 DEFAULT CHARSET=utf8 COLLATE=utf8_unicode_ci;

--
-- Dumping data for table `class`
--

INSERT INTO `class` (`class_id`, `name`, `name_numeric`, `teacher_id`) VALUES
(1, 'NINE', '9', 1);

-- --------------------------------------------------------

--
-- Table structure for table `class_routine`
--

DROP TABLE IF EXISTS `class_routine`;
CREATE TABLE IF NOT EXISTS `class_routine` (
  `class_routine_id` int(11) NOT NULL AUTO_INCREMENT,
  `class_id` int(11) DEFAULT NULL,
  `section_id` int(11) DEFAULT NULL,
  `subject_id` int(11) DEFAULT NULL,
  `time_start` int(11) DEFAULT NULL,
  `time_end` int(11) DEFAULT NULL,
  `time_start_min` int(11) DEFAULT NULL,
  `time_end_min` int(11) DEFAULT NULL,
  `day` longtext COLLATE utf8_unicode_ci,
  `year` longtext COLLATE utf8_unicode_ci,
  PRIMARY KEY (`class_routine_id`)
) ENGINE=InnoDB DEFAULT CHARSET=utf8 COLLATE=utf8_unicode_ci;

-- --------------------------------------------------------

--
-- Table structure for table `content`
--

DROP TABLE IF EXISTS `content`;
CREATE TABLE IF NOT EXISTS `content` (
  `id` int(11) NOT NULL AUTO_INCREMENT,
  `description` varchar(500) NOT NULL,
  `course_id` int(11) NOT NULL,
  `file_name` varchar(500) NOT NULL,
  PRIMARY KEY (`id`)
) ENGINE=MyISAM AUTO_INCREMENT=30 DEFAULT CHARSET=latin1;

--
-- Dumping data for table `content`
--

INSERT INTO `content` (`id`, `description`, `course_id`, `file_name`) VALUES
(1, 'edthrfjbkll;kmnjbhgfrtfgyhujikmljbhvg', 1, 'tmp_new-file.pdf'),
(2, 'awsdefrgthyjukiolkohujygtvfrcedwsqa', 4, 'tmp_new-file.pdf'),
(3, 'dftrhyujkilkmjtfhdrrtfgkj', 5, 'sem_5.pdf'),
(4, 'hbuhbuhgbuhyguguguggiggfyftftyftyf', 0, 'quiz_random.php'),
(5, 'hbjuhvkygfvgvygcugyfccd', 0, 'tmp_new-file (1).pdf'),
(6, 'arsdwstyvieuhoirjgpothjifhuydftrsdsuwbcdioejvnibuyfvefuyecfegmtojkyvytxwsd563t48u4o6klk kvctywdf83ut-5ykhtvnbef4hrglvklebcif784fgbkjegf', 0, 'Prediction_using-supervised_ml.html'),
(7, '', 0, ''),
(8, '', 0, ''),
(9, '', 0, ''),
(10, '', 0, ''),
(11, '', 0, ''),
(12, '', 0, ''),
(13, '', 0, ''),
(14, '', 0, ''),
(15, '', 0, ''),
(16, '', 0, ''),
(17, '', 0, ''),
(18, '', 0, ''),
(19, '', 0, ''),
(20, '', 0, ''),
(21, '', 0, ''),
(22, '', 0, ''),
(23, '', 0, ''),
(24, '', 0, ''),
(25, '', 0, ''),
(26, '', 0, ''),
(27, '', 0, ''),
(28, '', 0, ''),
(29, '', 0, '');

-- --------------------------------------------------------

--
-- Table structure for table `courses`
--

DROP TABLE IF EXISTS `courses`;
CREATE TABLE IF NOT EXISTS `courses` (
  `course_id` int(11) NOT NULL AUTO_INCREMENT,
  `name` varchar(50) NOT NULL,
  `description` text NOT NULL,
  PRIMARY KEY (`course_id`)
) ENGINE=MyISAM AUTO_INCREMENT=21 DEFAULT CHARSET=latin1;

--
-- Dumping data for table `courses`
--

INSERT INTO `courses` (`course_id`, `name`, `description`) VALUES
(1, 'web development', 'ervregtrtg'),
(4, 'Machine learning', 'computer==human'),
(5, 'computer vision', 'visionist'),
(18, 'Data Science', 'ewowihdujhnujnhewjeninj'),
(19, 'Designing', 'vhjghg'),
(20, 'Marketing', 'sessrtsygwvudbeiufrmgoptmhpoymoybntgbdtcsedsrwscvuwdbiefniormponopjtiognucvtdwsrdstwveormgbpotnirfbeycdwrsxswbdoejgopthk');

-- --------------------------------------------------------

--
-- Table structure for table `document`
--

DROP TABLE IF EXISTS `document`;
CREATE TABLE IF NOT EXISTS `document` (
  `document_id` int(11) NOT NULL AUTO_INCREMENT,
  `title` longtext COLLATE utf8_unicode_ci,
  `description` longtext COLLATE utf8_unicode_ci,
  `file_name` longtext COLLATE utf8_unicode_ci,
  `file_type` longtext COLLATE utf8_unicode_ci,
  `class_id` longtext COLLATE utf8_unicode_ci,
  `teacher_id` int(11) DEFAULT NULL,
  `timestamp` longtext COLLATE utf8_unicode_ci,
  `subject_id` int(11) DEFAULT NULL,
  PRIMARY KEY (`document_id`)
) ENGINE=MyISAM DEFAULT CHARSET=utf8 COLLATE=utf8_unicode_ci;

-- --------------------------------------------------------

--
-- Table structure for table `dormitory`
--

DROP TABLE IF EXISTS `dormitory`;
CREATE TABLE IF NOT EXISTS `dormitory` (
  `dormitory_id` int(11) NOT NULL AUTO_INCREMENT,
  `name` longtext COLLATE utf8_unicode_ci,
  `number_of_room` longtext COLLATE utf8_unicode_ci,
  `description` longtext COLLATE utf8_unicode_ci,
  PRIMARY KEY (`dormitory_id`)
) ENGINE=MyISAM DEFAULT CHARSET=utf8 COLLATE=utf8_unicode_ci;

-- --------------------------------------------------------

--
-- Table structure for table `ecom_user`
--

DROP TABLE IF EXISTS `ecom_user`;
CREATE TABLE IF NOT EXISTS `ecom_user` (
  `ecom_id` int(11) NOT NULL AUTO_INCREMENT,
  `name` varchar(50) NOT NULL,
  `email` varchar(50) NOT NULL,
  `refcode` varchar(50) NOT NULL,
  `refno` int(30) NOT NULL,
  PRIMARY KEY (`ecom_id`)
) ENGINE=MyISAM AUTO_INCREMENT=24 DEFAULT CHARSET=latin1;

--
-- Dumping data for table `ecom_user`
--

INSERT INTO `ecom_user` (`ecom_id`, `name`, `email`, `refcode`, `refno`) VALUES
(21, 'jhbkjbj', 'uygyhg@gmail.com', '16054', 0),
(20, 'Kohli', 'kolhi@gmail.com', '89283', 1),
(19, 'Anon', 'egahdgb@gmail.com', '91792', 0),
(17, 'yash', 'gupta.yash211@gmail.com', '96554', 2),
(16, 'rgf', 'gedjggeydf@gmail.com', '41958', 0),
(23, 'Chaitu', 'gupta.yash21123@gmail.com', '89054', 0);

-- --------------------------------------------------------

--
-- Table structure for table `ecom_usignup`
--

DROP TABLE IF EXISTS `ecom_usignup`;
CREATE TABLE IF NOT EXISTS `ecom_usignup` (
  `sign_id` int(11) NOT NULL AUTO_INCREMENT,
  `email` varchar(50) NOT NULL,
  PRIMARY KEY (`sign_id`)
) ENGINE=MyISAM AUTO_INCREMENT=9 DEFAULT CHARSET=latin1;

--
-- Dumping data for table `ecom_usignup`
--

INSERT INTO `ecom_usignup` (`sign_id`, `email`) VALUES
(1, 'gedjggeydf@gmail.com'),
(2, 'gupta.yash211@gmail.com'),
(3, 'egahdgb@gmail.com'),
(4, 'kolhi@gmail.com'),
(5, 'ewgbhyg@gmail.com'),
(8, 'gupta.yash21123@gmail.com'),
(7, 'uygyhg@gmail.com');

-- --------------------------------------------------------

--
-- Table structure for table `enroll`
--

DROP TABLE IF EXISTS `enroll`;
CREATE TABLE IF NOT EXISTS `enroll` (
  `enroll_id` int(11) NOT NULL AUTO_INCREMENT,
  `enroll_code` longtext COLLATE utf8_unicode_ci,
  `student_id` int(11) DEFAULT NULL,
  `class_id` int(11) DEFAULT NULL,
  `section_id` int(11) DEFAULT NULL,
  `roll` int(11) DEFAULT NULL,
  `date_added` longtext COLLATE utf8_unicode_ci,
  `year` longtext COLLATE utf8_unicode_ci,
  PRIMARY KEY (`enroll_id`)
) ENGINE=InnoDB DEFAULT CHARSET=utf8 COLLATE=utf8_unicode_ci;

-- --------------------------------------------------------

--
-- Table structure for table `enroll_course`
--

DROP TABLE IF EXISTS `enroll_course`;
CREATE TABLE IF NOT EXISTS `enroll_course` (
  `id` int(11) NOT NULL AUTO_INCREMENT,
  `user_id` int(11) DEFAULT NULL,
  `course_id` int(11) NOT NULL,
  PRIMARY KEY (`id`)
) ENGINE=MyISAM AUTO_INCREMENT=20 DEFAULT CHARSET=latin1;

--
-- Dumping data for table `enroll_course`
--

INSERT INTO `enroll_course` (`id`, `user_id`, `course_id`) VALUES
(19, 17, 19),
(18, 17, 18),
(17, 17, 5),
(16, 17, 4),
(15, 17, 1),
(14, 17, 1);

-- --------------------------------------------------------

--
-- Table structure for table `etutor`
--

DROP TABLE IF EXISTS `etutor`;
CREATE TABLE IF NOT EXISTS `etutor` (
  `etutor_id` int(11) NOT NULL AUTO_INCREMENT,
  `email` varchar(50) NOT NULL,
  `password` varchar(50) NOT NULL,
  `name` varchar(50) NOT NULL,
  PRIMARY KEY (`etutor_id`)
) ENGINE=MyISAM AUTO_INCREMENT=5 DEFAULT CHARSET=latin1;

--
-- Dumping data for table `etutor`
--

INSERT INTO `etutor` (`etutor_id`, `email`, `password`, `name`) VALUES
(1, 'gupta.yash211@gmail.com', 'yash211', 'yash'),
(3, 'xyzw@gmail.com', 'xyzw', 'akbar');

-- --------------------------------------------------------

--
-- Table structure for table `etutor_class`
--

DROP TABLE IF EXISTS `etutor_class`;
CREATE TABLE IF NOT EXISTS `etutor_class` (
  `class_id` int(11) NOT NULL AUTO_INCREMENT,
  `class_name` varchar(50) NOT NULL,
  `class_code` varchar(50) NOT NULL,
  PRIMARY KEY (`class_id`)
) ENGINE=MyISAM AUTO_INCREMENT=7 DEFAULT CHARSET=latin1;

--
-- Dumping data for table `etutor_class`
--

INSERT INTO `etutor_class` (`class_id`, `class_name`, `class_code`) VALUES
(1, 'NINE', '95bb79c'),
(2, 'six', '76f8b56'),
(3, 'fifth', 'd37b692'),
(4, 'seventh', '16fcf36'),
(5, 'four', 'a976b0b'),
(6, 'Thirteen', 'dee8adf');

-- --------------------------------------------------------

--
-- Table structure for table `etutor_student`
--

DROP TABLE IF EXISTS `etutor_student`;
CREATE TABLE IF NOT EXISTS `etutor_student` (
  `student_id` int(11) NOT NULL AUTO_INCREMENT,
  `name` varchar(50) NOT NULL,
  `email` varchar(50) NOT NULL,
  `password` varchar(50) NOT NULL,
  `class_name` varchar(50) NOT NULL,
  `status` int(11) NOT NULL,
  PRIMARY KEY (`student_id`)
) ENGINE=MyISAM AUTO_INCREMENT=10 DEFAULT CHARSET=latin1;

--
-- Dumping data for table `etutor_student`
--

INSERT INTO `etutor_student` (`student_id`, `name`, `email`, `password`, `class_name`, `status`) VALUES
(2, 'raj', 'raj@gmail.com', '8cb2237d0679ca88db6464eac60da96345513964', '1', 1),
(3, 'ravi', 'gupta.yash211@gmail.com', 'a2b6f7718f09a12f27958eca8d098c3cf4241c23', '1', 0),
(5, 'Raju', 'raju@gmail.com', '8ef1dd45138835019bf836e193442fe443574558', '2', 0),
(7, 'captain america', 'captain@gmail.com', '7a62141632f7f970e8bfd4a0e0a70313ac23bb3b', '3', 0),
(8, 'Shaun', 'shaun@gmail.com', '2a108d9df3bd84e411c919c14e38d8ec44d5acbb', '5', 0);

-- --------------------------------------------------------

--
-- Table structure for table `etutor_subject`
--

DROP TABLE IF EXISTS `etutor_subject`;
CREATE TABLE IF NOT EXISTS `etutor_subject` (
  `subject_id` int(11) NOT NULL AUTO_INCREMENT,
  `name` varchar(50) NOT NULL,
  `class_name` int(11) NOT NULL,
  `description` longtext CHARACTER SET utf8 COLLATE utf8_unicode_ci NOT NULL,
  `file_name` longtext CHARACTER SET utf8 COLLATE utf8_unicode_ci NOT NULL,
  PRIMARY KEY (`subject_id`)
) ENGINE=MyISAM AUTO_INCREMENT=5 DEFAULT CHARSET=latin1;

--
-- Dumping data for table `etutor_subject`
--

INSERT INTO `etutor_subject` (`subject_id`, `name`, `class_name`, `description`, `file_name`) VALUES
(2, 'Data Structures', 1, 'Its a great subject', 'css_prac.pdf'),
(3, 'maths', 5, 'first appeared in Greek mathematics, most notably in Euclid&#039;s Elements.[10] Since the pioneering work of Giuseppe Peano (18581932), David Hilbert (18621943), and others on axiomatic systems in the late 19th century, it has become customary to view mathematical research as establishing truth by rigorous deduction from appropriately chosen axioms and definitions. Mathematics developed at a relatively slow pace until the Renaissance, when mathematical innovations interacting with new scientific discoveries led to a rapid increase in the rate of mathematical discovery that has continued to the present day.[11]', ''),
(4, 'English', 6, 'ewwsdtyvjkl;kojhuygtfrderdftgyhjkjhgfrdewaserdtfgyvhbjnkwesrtfghujkjhgyftdsdxrfctgvbhjnkm', '');

-- --------------------------------------------------------

--
-- Table structure for table `exam`
--

DROP TABLE IF EXISTS `exam`;
CREATE TABLE IF NOT EXISTS `exam` (
  `exam_id` int(11) NOT NULL AUTO_INCREMENT,
  `name` longtext COLLATE utf8_unicode_ci,
  `date` longtext COLLATE utf8_unicode_ci,
  `year` longtext COLLATE utf8_unicode_ci,
  `comment` longtext COLLATE utf8_unicode_ci,
  PRIMARY KEY (`exam_id`)
) ENGINE=InnoDB DEFAULT CHARSET=utf8 COLLATE=utf8_unicode_ci;

-- --------------------------------------------------------

--
-- Table structure for table `expense_category`
--

DROP TABLE IF EXISTS `expense_category`;
CREATE TABLE IF NOT EXISTS `expense_category` (
  `expense_category_id` int(11) NOT NULL AUTO_INCREMENT,
  `name` longtext COLLATE utf8_unicode_ci,
  PRIMARY KEY (`expense_category_id`)
) ENGINE=InnoDB DEFAULT CHARSET=utf8 COLLATE=utf8_unicode_ci;

-- --------------------------------------------------------

--
-- Table structure for table `frontend_events`
--

DROP TABLE IF EXISTS `frontend_events`;
CREATE TABLE IF NOT EXISTS `frontend_events` (
  `frontend_events_id` int(11) NOT NULL AUTO_INCREMENT,
  `title` text,
  `timestamp` int(11) DEFAULT NULL,
  `status` int(11) NOT NULL DEFAULT '0',
  PRIMARY KEY (`frontend_events_id`)
) ENGINE=InnoDB DEFAULT CHARSET=utf8;

-- --------------------------------------------------------

--
-- Table structure for table `frontend_gallery`
--

DROP TABLE IF EXISTS `frontend_gallery`;
CREATE TABLE IF NOT EXISTS `frontend_gallery` (
  `frontend_gallery_id` int(11) NOT NULL AUTO_INCREMENT,
  `title` text,
  `description` longtext,
  `date_added` int(11) DEFAULT NULL,
  `image` text,
  `show_on_website` int(11) NOT NULL DEFAULT '0',
  PRIMARY KEY (`frontend_gallery_id`)
) ENGINE=InnoDB DEFAULT CHARSET=utf8;

-- --------------------------------------------------------

--
-- Table structure for table `frontend_gallery_image`
--

DROP TABLE IF EXISTS `frontend_gallery_image`;
CREATE TABLE IF NOT EXISTS `frontend_gallery_image` (
  `frontend_gallery_image_id` int(11) NOT NULL AUTO_INCREMENT,
  `frontend_gallery_id` int(11) DEFAULT NULL,
  `title` text,
  `image` text,
  PRIMARY KEY (`frontend_gallery_image_id`)
) ENGINE=InnoDB DEFAULT CHARSET=utf8;

-- --------------------------------------------------------

--
-- Table structure for table `frontend_general_settings`
--

DROP TABLE IF EXISTS `frontend_general_settings`;
CREATE TABLE IF NOT EXISTS `frontend_general_settings` (
  `frontend_general_settings_id` int(11) NOT NULL AUTO_INCREMENT,
  `type` varchar(255) DEFAULT NULL,
  `description` longtext,
  PRIMARY KEY (`frontend_general_settings_id`)
) ENGINE=InnoDB AUTO_INCREMENT=21 DEFAULT CHARSET=utf8;

--
-- Dumping data for table `frontend_general_settings`
--

INSERT INTO `frontend_general_settings` (`frontend_general_settings_id`, `type`, `description`) VALUES
(1, 'about_us', ''),
(2, 'terms_conditions', ''),
(3, 'privacy_policy', ''),
(4, 'social_links', '[{\"facebook\":\"http://facebook.com\",\"twitter\":\"http://twitter.com\",\"linkedin\":\"http://linkedin.com\",\"google\":\"http://google.com\",\"youtube\":\"http://youtube.com\",\"instagram\":\"http://instagram.com\"}]'),
(5, 'school_title', ''),
(6, 'school_logo', ''),
(7, 'school_location', '51.7548164,-1.2565555'),
(8, 'address', ''),
(9, 'phone', ''),
(10, 'email', ''),
(11, 'fax', ''),
(12, 'header_logo', ''),
(13, 'footer_logo', ''),
(14, 'copyright_text', ''),
(15, 'about_us_image', 'about_us.png'),
(16, 'slider_images', '[{\"title\":\"We rock the big stage\",\"description\":\"There are many variations of passages of Lorem Ipsum available, but the majority have suffered alteration in some form, by injected \",\"image\":\"1.jpg\"},{\"title\":\"Making this the first true generator on the Internet\",\"description\":\"There are many variations of passages of Lorem Ipsum available, but the majority have suffered alteration in some form, by injected \",\"image\":\"2.jpg\"},{\"title\":\"There are many variations of passages of Lorem Ipsum\",\"description\":\"There are many variations of passages of Lorem Ipsum available, but the majority have suffered alteration in some form, by injected \",\"image\":\"3.jpg\"}]'),
(17, 'theme', 'ultimate'),
(18, 'homepage_note_title', ''),
(19, 'homepage_note_description', ''),
(20, 'recaptcha_site_key', NULL);

-- --------------------------------------------------------

--
-- Table structure for table `frontend_news`
--

DROP TABLE IF EXISTS `frontend_news`;
CREATE TABLE IF NOT EXISTS `frontend_news` (
  `frontend_news_id` int(11) NOT NULL AUTO_INCREMENT,
  `title` text COLLATE utf8_unicode_ci,
  `description` longtext COLLATE utf8_unicode_ci,
  `date_added` int(11) DEFAULT NULL,
  `image` text COLLATE utf8_unicode_ci,
  PRIMARY KEY (`frontend_news_id`)
) ENGINE=InnoDB DEFAULT CHARSET=utf8 COLLATE=utf8_unicode_ci;

-- --------------------------------------------------------

--
-- Table structure for table `grade`
--

DROP TABLE IF EXISTS `grade`;
CREATE TABLE IF NOT EXISTS `grade` (
  `grade_id` int(11) NOT NULL AUTO_INCREMENT,
  `name` longtext COLLATE utf8_unicode_ci,
  `grade_point` longtext COLLATE utf8_unicode_ci,
  `mark_from` int(11) DEFAULT NULL,
  `mark_upto` int(11) DEFAULT NULL,
  `comment` longtext COLLATE utf8_unicode_ci,
  PRIMARY KEY (`grade_id`)
) ENGINE=InnoDB DEFAULT CHARSET=utf8 COLLATE=utf8_unicode_ci;

-- --------------------------------------------------------

--
-- Table structure for table `group_message`
--

DROP TABLE IF EXISTS `group_message`;
CREATE TABLE IF NOT EXISTS `group_message` (
  `group_message_id` int(11) NOT NULL AUTO_INCREMENT,
  `group_message_thread_code` longtext COLLATE utf8_unicode_ci,
  `sender` longtext COLLATE utf8_unicode_ci,
  `message` longtext COLLATE utf8_unicode_ci,
  `timestamp` longtext COLLATE utf8_unicode_ci,
  `read_status` int(11) DEFAULT NULL,
  `attached_file_name` longtext COLLATE utf8_unicode_ci,
  PRIMARY KEY (`group_message_id`)
) ENGINE=InnoDB DEFAULT CHARSET=utf8 COLLATE=utf8_unicode_ci;

-- --------------------------------------------------------

--
-- Table structure for table `group_message_thread`
--

DROP TABLE IF EXISTS `group_message_thread`;
CREATE TABLE IF NOT EXISTS `group_message_thread` (
  `group_message_thread_id` int(11) NOT NULL AUTO_INCREMENT,
  `group_message_thread_code` longtext COLLATE utf8_unicode_ci,
  `members` longtext COLLATE utf8_unicode_ci,
  `group_name` longtext COLLATE utf8_unicode_ci,
  `last_message_timestamp` longtext COLLATE utf8_unicode_ci,
  `created_timestamp` longtext COLLATE utf8_unicode_ci,
  PRIMARY KEY (`group_message_thread_id`)
) ENGINE=InnoDB DEFAULT CHARSET=utf8 COLLATE=utf8_unicode_ci;

-- --------------------------------------------------------

--
-- Table structure for table `invoice`
--

DROP TABLE IF EXISTS `invoice`;
CREATE TABLE IF NOT EXISTS `invoice` (
  `invoice_id` int(11) NOT NULL AUTO_INCREMENT,
  `student_id` int(11) DEFAULT NULL,
  `title` longtext COLLATE utf8_unicode_ci,
  `description` longtext COLLATE utf8_unicode_ci,
  `amount` int(11) DEFAULT NULL,
  `amount_paid` longtext COLLATE utf8_unicode_ci,
  `due` longtext COLLATE utf8_unicode_ci,
  `creation_timestamp` int(11) DEFAULT NULL,
  `payment_timestamp` longtext COLLATE utf8_unicode_ci,
  `payment_method` longtext COLLATE utf8_unicode_ci,
  `payment_details` longtext COLLATE utf8_unicode_ci,
  `status` longtext COLLATE utf8_unicode_ci,
  `year` longtext COLLATE utf8_unicode_ci,
  PRIMARY KEY (`invoice_id`)
) ENGINE=MyISAM DEFAULT CHARSET=utf8 COLLATE=utf8_unicode_ci;

-- --------------------------------------------------------

--
-- Table structure for table `language`
--

DROP TABLE IF EXISTS `language`;
CREATE TABLE IF NOT EXISTS `language` (
  `id` int(11) NOT NULL,
  `english` varchar(255) COLLATE utf8_unicode_ci NOT NULL,
  `bangali` varchar(255) COLLATE utf8_unicode_ci NOT NULL
) ENGINE=InnoDB DEFAULT CHARSET=utf8 COLLATE=utf8_unicode_ci;

-- --------------------------------------------------------

--
-- Table structure for table `librarian`
--

DROP TABLE IF EXISTS `librarian`;
CREATE TABLE IF NOT EXISTS `librarian` (
  `librarian_id` int(11) NOT NULL AUTO_INCREMENT,
  `name` longtext COLLATE utf8_unicode_ci,
  `email` longtext COLLATE utf8_unicode_ci,
  `password` longtext COLLATE utf8_unicode_ci,
  PRIMARY KEY (`librarian_id`)
) ENGINE=InnoDB AUTO_INCREMENT=4 DEFAULT CHARSET=utf8 COLLATE=utf8_unicode_ci;

--
-- Dumping data for table `librarian`
--

INSERT INTO `librarian` (`librarian_id`, `name`, `email`, `password`) VALUES
(1, 'ramesh', 'ramesh@gmail.com', '0aa0e080312e94cd3df02c3566d50cc6b4d19229'),
(2, 'sami', 'sami@gmail.com', '0ee18505d93826599d44ab69978fa18fa49a8354'),
(3, 'sameer', 'sameer@gmail.com', 'c9275a4eff4e7ea53e4af75604e0740e042ff2a1');

-- --------------------------------------------------------

--
-- Table structure for table `mark`
--

DROP TABLE IF EXISTS `mark`;
CREATE TABLE IF NOT EXISTS `mark` (
  `mark_id` int(11) NOT NULL AUTO_INCREMENT,
  `student_id` int(11) DEFAULT NULL,
  `subject_id` int(11) DEFAULT NULL,
  `class_id` int(11) DEFAULT NULL,
  `section_id` int(11) DEFAULT NULL,
  `exam_id` int(11) DEFAULT NULL,
  `mark_obtained` int(11) DEFAULT NULL,
  `mark_total` int(11) DEFAULT NULL,
  `comment` longtext COLLATE utf8_unicode_ci,
  `year` longtext COLLATE utf8_unicode_ci,
  PRIMARY KEY (`mark_id`)
) ENGINE=InnoDB DEFAULT CHARSET=utf8 COLLATE=utf8_unicode_ci;

-- --------------------------------------------------------

--
-- Table structure for table `message`
--

DROP TABLE IF EXISTS `message`;
CREATE TABLE IF NOT EXISTS `message` (
  `message_id` int(11) NOT NULL AUTO_INCREMENT,
  `message_thread_code` longtext CHARACTER SET utf8 COLLATE utf8_unicode_ci,
  `message` longtext CHARACTER SET utf8 COLLATE utf8_unicode_ci,
  `sender` longtext CHARACTER SET utf8 COLLATE utf8_unicode_ci,
  `timestamp` longtext CHARACTER SET utf8 COLLATE utf8_unicode_ci,
  `read_status` int(11) DEFAULT NULL,
  `attached_file_name` longtext CHARACTER SET utf8 COLLATE utf8_unicode_ci,
  PRIMARY KEY (`message_id`)
) ENGINE=MyISAM DEFAULT CHARSET=latin1;

-- --------------------------------------------------------

--
-- Table structure for table `message_thread`
--

DROP TABLE IF EXISTS `message_thread`;
CREATE TABLE IF NOT EXISTS `message_thread` (
  `message_thread_id` int(11) NOT NULL AUTO_INCREMENT,
  `message_thread_code` longtext COLLATE utf8_unicode_ci,
  `sender` longtext COLLATE utf8_unicode_ci,
  `reciever` longtext COLLATE utf8_unicode_ci,
  `last_message_timestamp` longtext COLLATE utf8_unicode_ci,
  PRIMARY KEY (`message_thread_id`)
) ENGINE=InnoDB DEFAULT CHARSET=utf8 COLLATE=utf8_unicode_ci;

-- --------------------------------------------------------

--
-- Table structure for table `newecom_content`
--

DROP TABLE IF EXISTS `newecom_content`;
CREATE TABLE IF NOT EXISTS `newecom_content` (
  `course_id` int(11) NOT NULL,
  `mname` varchar(50) NOT NULL,
  `vlink` varchar(50) NOT NULL
) ENGINE=MyISAM DEFAULT CHARSET=latin1;

--
-- Dumping data for table `newecom_content`
--

INSERT INTO `newecom_content` (`course_id`, `mname`, `vlink`) VALUES
(1, 'Introduction ', 'https://www.youtube.com/watch?v=rVmZXJj5lH0');

-- --------------------------------------------------------

--
-- Table structure for table `noticeboard`
--

DROP TABLE IF EXISTS `noticeboard`;
CREATE TABLE IF NOT EXISTS `noticeboard` (
  `notice_id` int(11) NOT NULL AUTO_INCREMENT,
  `notice_title` longtext COLLATE utf8_unicode_ci,
  `notice` longtext COLLATE utf8_unicode_ci,
  `create_timestamp` longtext COLLATE utf8_unicode_ci,
  `status` int(11) DEFAULT '1',
  `show_on_website` int(11) DEFAULT '0',
  `image` text COLLATE utf8_unicode_ci,
  PRIMARY KEY (`notice_id`)
) ENGINE=MyISAM DEFAULT CHARSET=utf8 COLLATE=utf8_unicode_ci;

-- --------------------------------------------------------

--
-- Table structure for table `online_exam`
--

DROP TABLE IF EXISTS `online_exam`;
CREATE TABLE IF NOT EXISTS `online_exam` (
  `online_exam_id` int(11) UNSIGNED NOT NULL AUTO_INCREMENT,
  `code` varchar(255) COLLATE utf8_unicode_ci DEFAULT '',
  `title` text COLLATE utf8_unicode_ci,
  `class_id` int(11) DEFAULT NULL,
  `section_id` int(11) DEFAULT NULL,
  `subject_id` int(11) DEFAULT NULL,
  `exam_date` int(11) DEFAULT NULL,
  `time_start` varchar(255) COLLATE utf8_unicode_ci DEFAULT NULL,
  `time_end` varchar(255) COLLATE utf8_unicode_ci DEFAULT NULL,
  `duration` text COLLATE utf8_unicode_ci COMMENT 'duration in second',
  `minimum_percentage` text COLLATE utf8_unicode_ci,
  `instruction` longtext COLLATE utf8_unicode_ci,
  `status` varchar(255) COLLATE utf8_unicode_ci DEFAULT 'pending',
  `running_year` varchar(255) COLLATE utf8_unicode_ci DEFAULT '',
  PRIMARY KEY (`online_exam_id`)
) ENGINE=InnoDB DEFAULT CHARSET=utf8 COLLATE=utf8_unicode_ci;

-- --------------------------------------------------------

--
-- Table structure for table `online_exam_result`
--

DROP TABLE IF EXISTS `online_exam_result`;
CREATE TABLE IF NOT EXISTS `online_exam_result` (
  `online_exam_result_id` int(11) UNSIGNED NOT NULL AUTO_INCREMENT,
  `online_exam_id` int(11) DEFAULT NULL,
  `student_id` int(11) DEFAULT NULL,
  `answer_script` longtext COLLATE utf8_unicode_ci,
  `obtained_mark` text COLLATE utf8_unicode_ci,
  `status` text COLLATE utf8_unicode_ci,
  `exam_started_timestamp` longtext COLLATE utf8_unicode_ci,
  `result` text COLLATE utf8_unicode_ci,
  PRIMARY KEY (`online_exam_result_id`)
) ENGINE=InnoDB DEFAULT CHARSET=utf8 COLLATE=utf8_unicode_ci;

-- --------------------------------------------------------

--
-- Table structure for table `parent`
--

DROP TABLE IF EXISTS `parent`;
CREATE TABLE IF NOT EXISTS `parent` (
  `parent_id` int(11) NOT NULL AUTO_INCREMENT,
  `name` longtext COLLATE utf8_unicode_ci,
  `email` longtext COLLATE utf8_unicode_ci,
  `password` longtext COLLATE utf8_unicode_ci,
  `phone` longtext COLLATE utf8_unicode_ci,
  `address` longtext COLLATE utf8_unicode_ci,
  `profession` longtext COLLATE utf8_unicode_ci,
  `authentication_key` longtext COLLATE utf8_unicode_ci,
  PRIMARY KEY (`parent_id`)
) ENGINE=MyISAM AUTO_INCREMENT=2 DEFAULT CHARSET=utf8 COLLATE=utf8_unicode_ci;

--
-- Dumping data for table `parent`
--

INSERT INTO `parent` (`parent_id`, `name`, `email`, `password`, `phone`, `address`, `profession`, `authentication_key`) VALUES
(1, 'ravi', 'ravi@gmail.com', 'fd858a24f3bba209c67e5a9e32458db1c5dccd74', '786544765', 'rehkjhfekjh', 'engineer', NULL);

-- --------------------------------------------------------

--
-- Table structure for table `payment`
--

DROP TABLE IF EXISTS `payment`;
CREATE TABLE IF NOT EXISTS `payment` (
  `payment_id` int(11) NOT NULL AUTO_INCREMENT,
  `expense_category_id` int(11) DEFAULT NULL,
  `title` longtext COLLATE utf8_unicode_ci,
  `payment_type` longtext COLLATE utf8_unicode_ci,
  `invoice_id` int(11) DEFAULT NULL,
  `student_id` int(11) DEFAULT NULL,
  `method` longtext COLLATE utf8_unicode_ci,
  `description` longtext COLLATE utf8_unicode_ci,
  `amount` longtext COLLATE utf8_unicode_ci,
  `timestamp` longtext COLLATE utf8_unicode_ci,
  `year` longtext COLLATE utf8_unicode_ci,
  PRIMARY KEY (`payment_id`)
) ENGINE=MyISAM DEFAULT CHARSET=utf8 COLLATE=utf8_unicode_ci;

-- --------------------------------------------------------

--
-- Table structure for table `question`
--

DROP TABLE IF EXISTS `question`;
CREATE TABLE IF NOT EXISTS `question` (
  `id` int(11) NOT NULL AUTO_INCREMENT,
  `cqt_name` varchar(50) NOT NULL,
  `ques` text NOT NULL,
  `ans1` varchar(50) NOT NULL,
  `ans2` varchar(50) NOT NULL,
  `ans3` varchar(50) NOT NULL,
  `ans4` varchar(50) NOT NULL,
  `cans` varchar(50) NOT NULL,
  `mark` int(11) NOT NULL,
  PRIMARY KEY (`id`)
) ENGINE=MyISAM AUTO_INCREMENT=7 DEFAULT CHARSET=latin1;

--
-- Dumping data for table `question`
--

INSERT INTO `question` (`id`, `cqt_name`, `ques`, `ans1`, `ans2`, `ans3`, `ans4`, `cans`, `mark`) VALUES
(3, 'web development', '2+2=?', '4', '2', '1', '3', '4', 2),
(4, 'web development', 'HTML uses', 'User defined tags', 'Pre-specified tags', 'Fixed tags defined by the language', 'Tags only for linking', 'Fixed tags defined by the language', 2),
(5, 'Machine learning', 'Different learning methods does not include?', 'Memorization', 'Analogy', 'Deduction', 'Introduction', 'Introduction', 7),
(6, '', 'A model of language consists of the categories which does not include?', 'Language units', 'Role structure of units', 'System constraints', 'Structural units', 'Structural units', 0);

-- --------------------------------------------------------

--
-- Table structure for table `question_bank`
--

DROP TABLE IF EXISTS `question_bank`;
CREATE TABLE IF NOT EXISTS `question_bank` (
  `question_bank_id` int(11) UNSIGNED NOT NULL AUTO_INCREMENT,
  `online_exam_id` int(11) DEFAULT NULL,
  `question_title` longtext COLLATE utf8_unicode_ci,
  `type` varchar(255) COLLATE utf8_unicode_ci DEFAULT NULL,
  `number_of_options` int(11) DEFAULT NULL,
  `options` longtext COLLATE utf8_unicode_ci,
  `correct_answers` longtext COLLATE utf8_unicode_ci,
  `mark` varchar(255) COLLATE utf8_unicode_ci DEFAULT NULL,
  PRIMARY KEY (`question_bank_id`)
) ENGINE=InnoDB DEFAULT CHARSET=utf8 COLLATE=utf8_unicode_ci;

-- --------------------------------------------------------

--
-- Table structure for table `question_paper`
--

DROP TABLE IF EXISTS `question_paper`;
CREATE TABLE IF NOT EXISTS `question_paper` (
  `question_paper_id` int(11) NOT NULL AUTO_INCREMENT,
  `title` longtext COLLATE utf8_unicode_ci,
  `question_paper` longtext COLLATE utf8_unicode_ci,
  `class_id` int(11) DEFAULT NULL,
  `exam_id` int(11) DEFAULT NULL,
  `teacher_id` int(11) DEFAULT NULL,
  PRIMARY KEY (`question_paper_id`)
) ENGINE=InnoDB DEFAULT CHARSET=utf8 COLLATE=utf8_unicode_ci;

-- --------------------------------------------------------

--
-- Table structure for table `section`
--

DROP TABLE IF EXISTS `section`;
CREATE TABLE IF NOT EXISTS `section` (
  `section_id` int(11) NOT NULL AUTO_INCREMENT,
  `name` longtext COLLATE utf8_unicode_ci,
  `nick_name` longtext COLLATE utf8_unicode_ci,
  `class_id` int(11) DEFAULT NULL,
  `teacher_id` int(11) DEFAULT NULL,
  PRIMARY KEY (`section_id`)
) ENGINE=InnoDB AUTO_INCREMENT=2 DEFAULT CHARSET=utf8 COLLATE=utf8_unicode_ci;

--
-- Dumping data for table `section`
--

INSERT INTO `section` (`section_id`, `name`, `nick_name`, `class_id`, `teacher_id`) VALUES
(1, 'A', NULL, 1, 1);

-- --------------------------------------------------------

--
-- Table structure for table `settings`
--

DROP TABLE IF EXISTS `settings`;
CREATE TABLE IF NOT EXISTS `settings` (
  `settings_id` int(11) NOT NULL AUTO_INCREMENT,
  `type` longtext,
  `description` longtext,
  PRIMARY KEY (`settings_id`)
) ENGINE=MyISAM AUTO_INCREMENT=37 DEFAULT CHARSET=latin1;

--
-- Dumping data for table `settings`
--

INSERT INTO `settings` (`settings_id`, `type`, `description`) VALUES
(1, 'system_name', 'Thakur College'),
(2, 'system_title', 'Ekattor School Management System'),
(3, 'address', 'Address'),
(4, 'phone', '+8012654159'),
(5, 'paypal_email', NULL),
(6, 'currency', 'usd'),
(7, 'system_email', 'school@ekattor.com'),
(20, 'active_sms_service', 'twilio'),
(11, 'language', 'english'),
(12, 'text_align', 'left-to-right'),
(13, 'clickatell_user', ''),
(14, 'clickatell_password', ''),
(15, 'clickatell_api_id', ''),
(16, 'skin_colour', 'default'),
(17, 'twilio_account_sid', ''),
(18, 'twilio_auth_token', ''),
(19, 'twilio_sender_phone_number', ''),
(21, 'running_year', '2020-2021'),
(22, 'payumoney_merchant_key', 'sad'),
(23, 'payumoney_salt_id', 'asd'),
(24, 'msg91_authentication_key', NULL),
(25, 'msg91_sender_ID', NULL),
(26, 'msg91_route', NULL),
(27, 'msg91_country_code', NULL),
(28, 'purchase_code', 'your purchase code'),
(29, 'paypal', '[{\"active\":\"1\",\"mode\":\"sandbox\",\"sandbox_client_id\":\"AZDxjDScFpQtjWTOUtWKbyN_bDt4OgqaF4eYXlewfBP4-8aqX3PiV8e1GWU6liB2CUXlkA59kJXE7M6R\",\"production_client_id\":\"SomeId\"}]'),
(30, 'stripe_keys', '[{\"active\":\"0\",\"testmode\":\"on\",\"public_key\":\"pk_test_c6VvBEbwHFdulFZ62q1IQrar\",\"secret_key\":\"sk_test_9IMkiM6Ykxr1LCe2dJ3PgaxS\",\"public_live_key\":\"pk_live_xxxxxxxxxxxxxxxxxxxxxxxx\",\"secret_live_key\":\"sk_live_xxxxxxxxxxxxxxxxxxxxxxxx\"}]'),
(31, 'disable_frontend', '0'),
(32, 'protocol', 'smtp'),
(33, 'smtp_host', 'ssl://smtp.googlemail.com'),
(34, 'smtp_port', '465'),
(35, 'smtp_user', ''),
(36, 'smtp_pass', '');

-- --------------------------------------------------------

--
-- Table structure for table `student`
--

DROP TABLE IF EXISTS `student`;
CREATE TABLE IF NOT EXISTS `student` (
  `student_id` int(11) NOT NULL AUTO_INCREMENT,
  `student_code` longtext COLLATE utf8_unicode_ci,
  `name` longtext COLLATE utf8_unicode_ci,
  `birthday` longtext COLLATE utf8_unicode_ci,
  `sex` longtext COLLATE utf8_unicode_ci,
  `religion` longtext COLLATE utf8_unicode_ci,
  `blood_group` longtext COLLATE utf8_unicode_ci,
  `address` longtext COLLATE utf8_unicode_ci,
  `phone` longtext COLLATE utf8_unicode_ci,
  `email` longtext COLLATE utf8_unicode_ci,
  `password` longtext COLLATE utf8_unicode_ci,
  `parent_id` int(11) DEFAULT NULL,
  `dormitory_id` int(11) DEFAULT NULL,
  `transport_id` int(11) DEFAULT NULL,
  `dormitory_room_number` longtext COLLATE utf8_unicode_ci,
  `authentication_key` longtext COLLATE utf8_unicode_ci,
  PRIMARY KEY (`student_id`)
) ENGINE=InnoDB DEFAULT CHARSET=utf8 COLLATE=utf8_unicode_ci;

-- --------------------------------------------------------

--
-- Table structure for table `subject`
--

DROP TABLE IF EXISTS `subject`;
CREATE TABLE IF NOT EXISTS `subject` (
  `subject_id` int(11) NOT NULL AUTO_INCREMENT,
  `name` longtext COLLATE utf8_unicode_ci,
  `class_id` int(11) DEFAULT NULL,
  `teacher_id` int(11) DEFAULT NULL,
  `year` longtext COLLATE utf8_unicode_ci,
  PRIMARY KEY (`subject_id`)
) ENGINE=InnoDB DEFAULT CHARSET=utf8 COLLATE=utf8_unicode_ci;

-- --------------------------------------------------------

--
-- Table structure for table `superadmin_login`
--

DROP TABLE IF EXISTS `superadmin_login`;
CREATE TABLE IF NOT EXISTS `superadmin_login` (
  `superadmin_id` int(11) NOT NULL AUTO_INCREMENT,
  `name` varchar(50) NOT NULL,
  `email` varchar(50) NOT NULL,
  `otp` int(6) NOT NULL,
  PRIMARY KEY (`superadmin_id`)
) ENGINE=MyISAM AUTO_INCREMENT=2 DEFAULT CHARSET=latin1;

--
-- Dumping data for table `superadmin_login`
--

INSERT INTO `superadmin_login` (`superadmin_id`, `name`, `email`, `otp`) VALUES
(1, 'Yash', 'gupta.yash211@gmail.com', 32688);

-- --------------------------------------------------------

--
-- Table structure for table `superuser`
--

DROP TABLE IF EXISTS `superuser`;
CREATE TABLE IF NOT EXISTS `superuser` (
  `user_id` int(11) NOT NULL AUTO_INCREMENT,
  `email` varchar(50) NOT NULL,
  `firstname` varchar(50) NOT NULL,
  `lastname` varchar(50) NOT NULL,
  `password` varchar(11) NOT NULL,
  `ref` varchar(11) NOT NULL,
  PRIMARY KEY (`user_id`)
) ENGINE=MyISAM AUTO_INCREMENT=3 DEFAULT CHARSET=latin1;

--
-- Dumping data for table `superuser`
--

INSERT INTO `superuser` (`user_id`, `email`, `firstname`, `lastname`, `password`, `ref`) VALUES
(2, 'uesrdemo@gmail.com', 'demo', 'Thombare', '@demo', '89054');

-- --------------------------------------------------------

--
-- Table structure for table `teacher`
--

DROP TABLE IF EXISTS `teacher`;
CREATE TABLE IF NOT EXISTS `teacher` (
  `teacher_id` int(11) NOT NULL AUTO_INCREMENT,
  `name` longtext COLLATE utf8_unicode_ci,
  `birthday` longtext COLLATE utf8_unicode_ci,
  `sex` longtext COLLATE utf8_unicode_ci,
  `religion` longtext COLLATE utf8_unicode_ci,
  `blood_group` longtext COLLATE utf8_unicode_ci,
  `address` longtext COLLATE utf8_unicode_ci,
  `phone` longtext COLLATE utf8_unicode_ci,
  `email` longtext COLLATE utf8_unicode_ci,
  `password` longtext COLLATE utf8_unicode_ci,
  `authentication_key` longtext COLLATE utf8_unicode_ci,
  `designation` varchar(255) COLLATE utf8_unicode_ci DEFAULT NULL,
  `social_links` text COLLATE utf8_unicode_ci,
  `about` longtext COLLATE utf8_unicode_ci,
  `show_on_website` int(11) DEFAULT '0',
  PRIMARY KEY (`teacher_id`)
) ENGINE=InnoDB AUTO_INCREMENT=3 DEFAULT CHARSET=utf8 COLLATE=utf8_unicode_ci;

--
-- Dumping data for table `teacher`
--

INSERT INTO `teacher` (`teacher_id`, `name`, `birthday`, `sex`, `religion`, `blood_group`, `address`, `phone`, `email`, `password`, `authentication_key`, `designation`, `social_links`, `about`, `show_on_website`) VALUES
(1, 'chaitu', '06/02/2005', 'male', NULL, NULL, 'rehsfkjchdsb', '67865678', 'chaitu@gmail.com', '40bd001563085fc35165329ea1ff5c5ecbdbbeef', NULL, 'professor', '[{\"facebook\":\"\",\"twitter\":\"\",\"linkedin\":\"\"}]', 'tgfvujyhvmjhg', 1),
(2, 'Rajiv', '02/01/2000', 'male', NULL, NULL, 'reyflegbhylgafy', '8785654567', 'rajiv@gmail.com', 'fe3a94afd36044518e8c6e72d6b6875361f05cd4', NULL, 'uyghgdsghgbhgber', '[{\"facebook\":\"\",\"twitter\":\"\",\"linkedin\":\"\"}]', 'dkjsbhcbh ahbg', 1);

-- --------------------------------------------------------

--
-- Table structure for table `test`
--

DROP TABLE IF EXISTS `test`;
CREATE TABLE IF NOT EXISTS `test` (
  `test_id` int(11) NOT NULL AUTO_INCREMENT,
  `cname` varchar(50) NOT NULL,
  PRIMARY KEY (`test_id`)
) ENGINE=MyISAM AUTO_INCREMENT=8 DEFAULT CHARSET=latin1;

--
-- Dumping data for table `test`
--

INSERT INTO `test` (`test_id`, `cname`) VALUES
(1, 'web development'),
(2, 'Machine learning'),
(4, 'computer vision'),
(5, 'Data Science'),
(6, 'Designing'),
(7, 'Marketing');

-- --------------------------------------------------------

--
-- Table structure for table `transport`
--

DROP TABLE IF EXISTS `transport`;
CREATE TABLE IF NOT EXISTS `transport` (
  `transport_id` int(11) NOT NULL AUTO_INCREMENT,
  `route_name` longtext COLLATE utf8_unicode_ci,
  `number_of_vehicle` longtext COLLATE utf8_unicode_ci,
  `description` longtext COLLATE utf8_unicode_ci,
  `route_fare` longtext COLLATE utf8_unicode_ci,
  PRIMARY KEY (`transport_id`)
) ENGINE=MyISAM DEFAULT CHARSET=utf8 COLLATE=utf8_unicode_ci;

-- --------------------------------------------------------

--
-- Table structure for table `user`
--

DROP TABLE IF EXISTS `user`;
CREATE TABLE IF NOT EXISTS `user` (
  `sid` int(11) NOT NULL AUTO_INCREMENT,
  `sname` varchar(11) NOT NULL,
  `semail` varchar(11) NOT NULL,
  `scoins` int(11) NOT NULL,
  `senroll` varchar(500) NOT NULL,
  PRIMARY KEY (`sid`)
) ENGINE=MyISAM DEFAULT CHARSET=latin1;
COMMIT;

/*!40101 SET CHARACTER_SET_CLIENT=@OLD_CHARACTER_SET_CLIENT */;
/*!40101 SET CHARACTER_SET_RESULTS=@OLD_CHARACTER_SET_RESULTS */;
/*!40101 SET COLLATION_CONNECTION=@OLD_COLLATION_CONNECTION */;
